CÓDIGO DEL DEPARTAMENTO (PROGRAMA);CÓDIGO DEL MUNICIPIO (PROGRAMA);CINE CAMPO AMPLIO;GRADUADOS
05;05001;ADMINISTRACIÓN DE EMPRESAS Y DERECHO;94290
05;05001;AGROPECUARIO, SILVICULTURA, PESCA Y VETERINARIA;3115
05;05001;ARTE Y HUMANIDADES;9051
05;05001;CIENCIAS NATURALES, MATEMÁTICAS Y ESTADÍSTICA;6018
05;05001;CIENCIAS SOCIALES, PERIODISMO E INFORMACIÓN;23092
05;05001;EDUCACIÓN;11905
05;05001;INGENIERÍA, INDUSTRIA Y CONSTRUCCIÓN;51839
05;05001;SALUD Y BIENESTAR;16329
05;05001;SERVICIOS;5818
05;05001;TECNOLOGÍAS DE LA INFORMACIÓN Y LA COMUNICACIÓN (TIC);8946
05;05002;ADMINISTRACIÓN DE EMPRESAS Y DERECHO;1
05;05002;INGENIERÍA, INDUSTRIA Y CONSTRUCCIÓN;1
05;05004;ADMINISTRACIÓN DE EMPRESAS Y DERECHO;1
05;05031;ADMINISTRACIÓN DE EMPRESAS Y DERECHO;77
05;05031;CIENCIAS NATURALES, MATEMÁTICAS Y ESTADÍSTICA;15
05;05031;EDUCACIÓN;50
05;05031;INGENIERÍA, INDUSTRIA Y CONSTRUCCIÓN;4
05;05034;ADMINISTRACIÓN DE EMPRESAS Y DERECHO;115
05;05034;AGROPECUARIO, SILVICULTURA, PESCA Y VETERINARIA;108
05;05034;ARTE Y HUMANIDADES;1
05;05034;CIENCIAS NATURALES, MATEMÁTICAS Y ESTADÍSTICA;65
05;05034;CIENCIAS SOCIALES, PERIODISMO E INFORMACIÓN;60
05;05034;EDUCACIÓN;28
05;05034;SALUD Y BIENESTAR;71
05;05040;INGENIERÍA, INDUSTRIA Y CONSTRUCCIÓN;1
05;05042;ADMINISTRACIÓN DE EMPRESAS Y DERECHO;840
05;05042;AGROPECUARIO, SILVICULTURA, PESCA Y VETERINARIA;89
05;05042;CIENCIAS SOCIALES, PERIODISMO E INFORMACIÓN;72
05;05042;EDUCACIÓN;63
05;05042;INGENIERÍA, INDUSTRIA Y CONSTRUCCIÓN;185
05;05042;SALUD Y BIENESTAR;28
05;05042;SERVICIOS;46
05;05042;TECNOLOGÍAS DE LA INFORMACIÓN Y LA COMUNICACIÓN (TIC);44
05;05044;ADMINISTRACIÓN DE EMPRESAS Y DERECHO;1
05;05045;ADMINISTRACIÓN DE EMPRESAS Y DERECHO;4829
05;05045;AGROPECUARIO, SILVICULTURA, PESCA Y VETERINARIA;1073
05;05045;ARTE Y HUMANIDADES;1
05;05045;CIENCIAS NATURALES, MATEMÁTICAS Y ESTADÍSTICA;197
05;05045;CIENCIAS SOCIALES, PERIODISMO E INFORMACIÓN;551
05;05045;EDUCACIÓN;357
05;05045;INGENIERÍA, INDUSTRIA Y CONSTRUCCIÓN;398
05;05045;SALUD Y BIENESTAR;603
05;05045;SERVICIOS;74
05;05045;TECNOLOGÍAS DE LA INFORMACIÓN Y LA COMUNICACIÓN (TIC);509
05;05051;ADMINISTRACIÓN DE EMPRESAS Y DERECHO;1
05;05059;ADMINISTRACIÓN DE EMPRESAS Y DERECHO;266
05;05059;CIENCIAS SOCIALES, PERIODISMO E INFORMACIÓN;6
05;05059;EDUCACIÓN;10
05;05059;INGENIERÍA, INDUSTRIA Y CONSTRUCCIÓN;53
05;05079;ADMINISTRACIÓN DE EMPRESAS Y DERECHO;7
05;05079;CIENCIAS SOCIALES, PERIODISMO E INFORMACIÓN;1
05;05079;SALUD Y BIENESTAR;1
05;05088;ADMINISTRACIÓN DE EMPRESAS Y DERECHO;3579
05;05088;ARTE Y HUMANIDADES;1
05;05088;CIENCIAS NATURALES, MATEMÁTICAS Y ESTADÍSTICA;80
05;05088;CIENCIAS SOCIALES, PERIODISMO E INFORMACIÓN;4457
05;05088;EDUCACIÓN;71
05;05088;INGENIERÍA, INDUSTRIA Y CONSTRUCCIÓN;180
05;05088;SALUD Y BIENESTAR;29
05;05088;SERVICIOS;74
05;05088;TECNOLOGÍAS DE LA INFORMACIÓN Y LA COMUNICACIÓN (TIC);66
05;05091;AGROPECUARIO, SILVICULTURA, PESCA Y VETERINARIA;1
05;05093;EDUCACIÓN;1
05;05093;TECNOLOGÍAS DE LA INFORMACIÓN Y LA COMUNICACIÓN (TIC);1
05;05101;ADMINISTRACIÓN DE EMPRESAS Y DERECHO;17
05;05101;INGENIERÍA, INDUSTRIA Y CONSTRUCCIÓN;1
05;05101;TECNOLOGÍAS DE LA INFORMACIÓN Y LA COMUNICACIÓN (TIC);1
05;05129;ADMINISTRACIÓN DE EMPRESAS Y DERECHO;718
05;05129;AGROPECUARIO, SILVICULTURA, PESCA Y VETERINARIA;1038
05;05129;CIENCIAS NATURALES, MATEMÁTICAS Y ESTADÍSTICA;332
05;05129;CIENCIAS SOCIALES, PERIODISMO E INFORMACIÓN;204
05;05129;EDUCACIÓN;86
05;05129;INGENIERÍA, INDUSTRIA Y CONSTRUCCIÓN;617
05;05129;SALUD Y BIENESTAR;35
05;05129;SERVICIOS;39
05;05129;TECNOLOGÍAS DE LA INFORMACIÓN Y LA COMUNICACIÓN (TIC);239
05;05138;INGENIERÍA, INDUSTRIA Y CONSTRUCCIÓN;1
05;05138;TECNOLOGÍAS DE LA INFORMACIÓN Y LA COMUNICACIÓN (TIC);1
05;05142;ADMINISTRACIÓN DE EMPRESAS Y DERECHO;1
05;05147;ADMINISTRACIÓN DE EMPRESAS Y DERECHO;63
05;05147;AGROPECUARIO, SILVICULTURA, PESCA Y VETERINARIA;1
05;05147;INGENIERÍA, INDUSTRIA Y CONSTRUCCIÓN;27
05;05147;SERVICIOS;18
05;05148;ADMINISTRACIÓN DE EMPRESAS Y DERECHO;252
05;05148;AGROPECUARIO, SILVICULTURA, PESCA Y VETERINARIA;145
05;05148;ARTE Y HUMANIDADES;44
05;05148;CIENCIAS NATURALES, MATEMÁTICAS Y ESTADÍSTICA;109
05;05148;CIENCIAS SOCIALES, PERIODISMO E INFORMACIÓN;221
05;05148;EDUCACIÓN;224
05;05148;INGENIERÍA, INDUSTRIA Y CONSTRUCCIÓN;151
05;05148;SALUD Y BIENESTAR;306
05;05154;ADMINISTRACIÓN DE EMPRESAS Y DERECHO;1793
05;05154;AGROPECUARIO, SILVICULTURA, PESCA Y VETERINARIA;284
05;05154;ARTE Y HUMANIDADES;25
05;05154;CIENCIAS NATURALES, MATEMÁTICAS Y ESTADÍSTICA;150
05;05154;CIENCIAS SOCIALES, PERIODISMO E INFORMACIÓN;365
05;05154;EDUCACIÓN;275
05;05154;INGENIERÍA, INDUSTRIA Y CONSTRUCCIÓN;286
05;05154;SALUD Y BIENESTAR;148
05;05154;TECNOLOGÍAS DE LA INFORMACIÓN Y LA COMUNICACIÓN (TIC);247
05;05172;ADMINISTRACIÓN DE EMPRESAS Y DERECHO;12
05;05172;AGROPECUARIO, SILVICULTURA, PESCA Y VETERINARIA;1
05;05172;CIENCIAS SOCIALES, PERIODISMO E INFORMACIÓN;5
05;05190;ADMINISTRACIÓN DE EMPRESAS Y DERECHO;284
05;05190;AGROPECUARIO, SILVICULTURA, PESCA Y VETERINARIA;28
05;05190;INGENIERÍA, INDUSTRIA Y CONSTRUCCIÓN;1
05;05190;TECNOLOGÍAS DE LA INFORMACIÓN Y LA COMUNICACIÓN (TIC);17
05;05197;CIENCIAS SOCIALES, PERIODISMO E INFORMACIÓN;1
05;05197;SALUD Y BIENESTAR;1
05;05212;ADMINISTRACIÓN DE EMPRESAS Y DERECHO;44
05;05212;CIENCIAS SOCIALES, PERIODISMO E INFORMACIÓN;118
05;05212;EDUCACIÓN;74
05;05212;INGENIERÍA, INDUSTRIA Y CONSTRUCCIÓN;1
05;05234;CIENCIAS SOCIALES, PERIODISMO E INFORMACIÓN;1
05;05234;EDUCACIÓN;2
05;05237;AGROPECUARIO, SILVICULTURA, PESCA Y VETERINARIA;20
05;05240;SERVICIOS;1
05;05250;ADMINISTRACIÓN DE EMPRESAS Y DERECHO;2
05;05250;CIENCIAS SOCIALES, PERIODISMO E INFORMACIÓN;11
05;05250;INGENIERÍA, INDUSTRIA Y CONSTRUCCIÓN;66
05;05266;ADMINISTRACIÓN DE EMPRESAS Y DERECHO;2444
05;05266;ARTE Y HUMANIDADES;1019
05;05266;CIENCIAS NATURALES, MATEMÁTICAS Y ESTADÍSTICA;1
05;05266;CIENCIAS SOCIALES, PERIODISMO E INFORMACIÓN;1027
05;05266;EDUCACIÓN;57
05;05266;INGENIERÍA, INDUSTRIA Y CONSTRUCCIÓN;293
05;05266;SALUD Y BIENESTAR;437
05;05266;SERVICIOS;61
05;05266;TECNOLOGÍAS DE LA INFORMACIÓN Y LA COMUNICACIÓN (TIC);409
05;05284;ARTE Y HUMANIDADES;1
05;05284;CIENCIAS SOCIALES, PERIODISMO E INFORMACIÓN;3
05;05284;EDUCACIÓN;1
05;05284;SALUD Y BIENESTAR;1
05;05308;ADMINISTRACIÓN DE EMPRESAS Y DERECHO;9
05;05308;CIENCIAS SOCIALES, PERIODISMO E INFORMACIÓN;3
05;05308;EDUCACIÓN;9
05;05308;INGENIERÍA, INDUSTRIA Y CONSTRUCCIÓN;7
05;05310;AGROPECUARIO, SILVICULTURA, PESCA Y VETERINARIA;1
05;05310;INGENIERÍA, INDUSTRIA Y CONSTRUCCIÓN;1
05;05313;ADMINISTRACIÓN DE EMPRESAS Y DERECHO;1
05;05313;AGROPECUARIO, SILVICULTURA, PESCA Y VETERINARIA;1
05;05315;AGROPECUARIO, SILVICULTURA, PESCA Y VETERINARIA;1
05;05315;INGENIERÍA, INDUSTRIA Y CONSTRUCCIÓN;1
05;05315;TECNOLOGÍAS DE LA INFORMACIÓN Y LA COMUNICACIÓN (TIC);1
05;05318;ADMINISTRACIÓN DE EMPRESAS Y DERECHO;61
05;05318;CIENCIAS SOCIALES, PERIODISMO E INFORMACIÓN;29
05;05360;ADMINISTRACIÓN DE EMPRESAS Y DERECHO;5805
05;05360;AGROPECUARIO, SILVICULTURA, PESCA Y VETERINARIA;1
05;05360;ARTE Y HUMANIDADES;1091
05;05360;CIENCIAS SOCIALES, PERIODISMO E INFORMACIÓN;322
05;05360;EDUCACIÓN;213
05;05360;INGENIERÍA, INDUSTRIA Y CONSTRUCCIÓN;1806
05;05360;SALUD Y BIENESTAR;1
05;05360;SERVICIOS;1143
05;05360;TECNOLOGÍAS DE LA INFORMACIÓN Y LA COMUNICACIÓN (TIC);676
05;05361;ADMINISTRACIÓN DE EMPRESAS Y DERECHO;1
05;05361;AGROPECUARIO, SILVICULTURA, PESCA Y VETERINARIA;1
05;05364;ADMINISTRACIÓN DE EMPRESAS Y DERECHO;11
05;05364;EDUCACIÓN;1
05;05368;ADMINISTRACIÓN DE EMPRESAS Y DERECHO;12
05;05368;AGROPECUARIO, SILVICULTURA, PESCA Y VETERINARIA;1
05;05368;EDUCACIÓN;72
05;05368;INGENIERÍA, INDUSTRIA Y CONSTRUCCIÓN;2
05;05376;ADMINISTRACIÓN DE EMPRESAS Y DERECHO;57
05;05376;AGROPECUARIO, SILVICULTURA, PESCA Y VETERINARIA;1
05;05376;CIENCIAS SOCIALES, PERIODISMO E INFORMACIÓN;9
05;05376;EDUCACIÓN;1
05;05376;INGENIERÍA, INDUSTRIA Y CONSTRUCCIÓN;1
05;05376;SALUD Y BIENESTAR;1
05;05376;TECNOLOGÍAS DE LA INFORMACIÓN Y LA COMUNICACIÓN (TIC);1
05;05380;ADMINISTRACIÓN DE EMPRESAS Y DERECHO;1
05;05380;AGROPECUARIO, SILVICULTURA, PESCA Y VETERINARIA;2
05;05380;EDUCACIÓN;1
05;05380;SERVICIOS;697
05;05390;AGROPECUARIO, SILVICULTURA, PESCA Y VETERINARIA;67
05;05390;EDUCACIÓN;114
05;05390;TECNOLOGÍAS DE LA INFORMACIÓN Y LA COMUNICACIÓN (TIC);1
05;05400;CIENCIAS SOCIALES, PERIODISMO E INFORMACIÓN;1
05;05440;ADMINISTRACIÓN DE EMPRESAS Y DERECHO;49
05;05440;AGROPECUARIO, SILVICULTURA, PESCA Y VETERINARIA;136
05;05440;INGENIERÍA, INDUSTRIA Y CONSTRUCCIÓN;2
05;05483;ADMINISTRACIÓN DE EMPRESAS Y DERECHO;1
05;05483;SALUD Y BIENESTAR;1
05;05490;ADMINISTRACIÓN DE EMPRESAS Y DERECHO;13
05;05490;CIENCIAS SOCIALES, PERIODISMO E INFORMACIÓN;6
05;05490;INGENIERÍA, INDUSTRIA Y CONSTRUCCIÓN;1
05;05495;ADMINISTRACIÓN DE EMPRESAS Y DERECHO;1
05;05541;EDUCACIÓN;1
05;05543;AGROPECUARIO, SILVICULTURA, PESCA Y VETERINARIA;1
05;05543;CIENCIAS SOCIALES, PERIODISMO E INFORMACIÓN;1
05;05543;INGENIERÍA, INDUSTRIA Y CONSTRUCCIÓN;1
05;05576;SALUD Y BIENESTAR;1
05;05579;ADMINISTRACIÓN DE EMPRESAS Y DERECHO;922
05;05579;AGROPECUARIO, SILVICULTURA, PESCA Y VETERINARIA;106
05;05579;CIENCIAS NATURALES, MATEMÁTICAS Y ESTADÍSTICA;197
05;05579;CIENCIAS SOCIALES, PERIODISMO E INFORMACIÓN;47
05;05579;EDUCACIÓN;168
05;05579;INGENIERÍA, INDUSTRIA Y CONSTRUCCIÓN;136
05;05579;SALUD Y BIENESTAR;11
05;05579;SERVICIOS;68
05;05579;TECNOLOGÍAS DE LA INFORMACIÓN Y LA COMUNICACIÓN (TIC);112
05;05585;EDUCACIÓN;1
05;05591;ADMINISTRACIÓN DE EMPRESAS Y DERECHO;7
05;05591;INGENIERÍA, INDUSTRIA Y CONSTRUCCIÓN;1
05;05591;SALUD Y BIENESTAR;1
05;05604;CIENCIAS SOCIALES, PERIODISMO E INFORMACIÓN;1
05;05607;ADMINISTRACIÓN DE EMPRESAS Y DERECHO;1
05;05615;ADMINISTRACIÓN DE EMPRESAS Y DERECHO;5604
05;05615;AGROPECUARIO, SILVICULTURA, PESCA Y VETERINARIA;679
05;05615;ARTE Y HUMANIDADES;365
05;05615;CIENCIAS NATURALES, MATEMÁTICAS Y ESTADÍSTICA;315
05;05615;CIENCIAS SOCIALES, PERIODISMO E INFORMACIÓN;1109
05;05615;EDUCACIÓN;1724
05;05615;INGENIERÍA, INDUSTRIA Y CONSTRUCCIÓN;2063
05;05615;SALUD Y BIENESTAR;417
05;05615;SERVICIOS;344
05;05615;TECNOLOGÍAS DE LA INFORMACIÓN Y LA COMUNICACIÓN (TIC);482
05;05631;ADMINISTRACIÓN DE EMPRESAS Y DERECHO;6285
05;05631;ARTE Y HUMANIDADES;7
05;05631;CIENCIAS SOCIALES, PERIODISMO E INFORMACIÓN;2
05;05631;EDUCACIÓN;195
05;05631;INGENIERÍA, INDUSTRIA Y CONSTRUCCIÓN;7
05;05631;SALUD Y BIENESTAR;138
05;05631;TECNOLOGÍAS DE LA INFORMACIÓN Y LA COMUNICACIÓN (TIC);76
05;05649;ADMINISTRACIÓN DE EMPRESAS Y DERECHO;18
05;05649;AGROPECUARIO, SILVICULTURA, PESCA Y VETERINARIA;1
05;05656;CIENCIAS SOCIALES, PERIODISMO E INFORMACIÓN;2
05;05658;INGENIERÍA, INDUSTRIA Y CONSTRUCCIÓN;1
05;05658;SALUD Y BIENESTAR;1
05;05659;INGENIERÍA, INDUSTRIA Y CONSTRUCCIÓN;1
05;05660;INGENIERÍA, INDUSTRIA Y CONSTRUCCIÓN;1
05;05664;ADMINISTRACIÓN DE EMPRESAS Y DERECHO;31
05;05664;CIENCIAS SOCIALES, PERIODISMO E INFORMACIÓN;32
05;05664;EDUCACIÓN;4
05;05670;EDUCACIÓN;1
05;05674;ADMINISTRACIÓN DE EMPRESAS Y DERECHO;1
05;05686;ADMINISTRACIÓN DE EMPRESAS Y DERECHO;1110
05;05686;AGROPECUARIO, SILVICULTURA, PESCA Y VETERINARIA;18
05;05686;ARTE Y HUMANIDADES;69
05;05686;CIENCIAS SOCIALES, PERIODISMO E INFORMACIÓN;731
05;05686;EDUCACIÓN;1099
05;05686;INGENIERÍA, INDUSTRIA Y CONSTRUCCIÓN;250
05;05686;SALUD Y BIENESTAR;1
05;05686;SERVICIOS;89
05;05686;TECNOLOGÍAS DE LA INFORMACIÓN Y LA COMUNICACIÓN (TIC);966
05;05690;AGROPECUARIO, SILVICULTURA, PESCA Y VETERINARIA;1
05;05697;INGENIERÍA, INDUSTRIA Y CONSTRUCCIÓN;1
05;05736;ADMINISTRACIÓN DE EMPRESAS Y DERECHO;28
05;05736;SALUD Y BIENESTAR;40
05;05756;ADMINISTRACIÓN DE EMPRESAS Y DERECHO;33
05;05756;AGROPECUARIO, SILVICULTURA, PESCA Y VETERINARIA;25
05;05756;CIENCIAS NATURALES, MATEMÁTICAS Y ESTADÍSTICA;9
05;05756;CIENCIAS SOCIALES, PERIODISMO E INFORMACIÓN;46
05;05756;EDUCACIÓN;70
05;05756;INGENIERÍA, INDUSTRIA Y CONSTRUCCIÓN;1
05;05756;SALUD Y BIENESTAR;7
05;05789;CIENCIAS SOCIALES, PERIODISMO E INFORMACIÓN;1
05;05789;SALUD Y BIENESTAR;1
05;05790;ADMINISTRACIÓN DE EMPRESAS Y DERECHO;1
05;05837;ADMINISTRACIÓN DE EMPRESAS Y DERECHO;163
05;05837;AGROPECUARIO, SILVICULTURA, PESCA Y VETERINARIA;94
05;05837;CIENCIAS NATURALES, MATEMÁTICAS Y ESTADÍSTICA;132
05;05837;CIENCIAS SOCIALES, PERIODISMO E INFORMACIÓN;146
05;05837;EDUCACIÓN;302
05;05837;INGENIERÍA, INDUSTRIA Y CONSTRUCCIÓN;81
05;05837;SALUD Y BIENESTAR;75
05;05837;SERVICIOS;1
05;05837;TECNOLOGÍAS DE LA INFORMACIÓN Y LA COMUNICACIÓN (TIC);4
05;05847;ADMINISTRACIÓN DE EMPRESAS Y DERECHO;19
05;05847;TECNOLOGÍAS DE LA INFORMACIÓN Y LA COMUNICACIÓN (TIC);1
05;05854;CIENCIAS SOCIALES, PERIODISMO E INFORMACIÓN;1
05;05861;INGENIERÍA, INDUSTRIA Y CONSTRUCCIÓN;1
05;05873;ADMINISTRACIÓN DE EMPRESAS Y DERECHO;1
05;05887;ADMINISTRACIÓN DE EMPRESAS Y DERECHO;189
05;05887;CIENCIAS NATURALES, MATEMÁTICAS Y ESTADÍSTICA;20
05;05887;CIENCIAS SOCIALES, PERIODISMO E INFORMACIÓN;45
05;05887;EDUCACIÓN;33
05;05887;INGENIERÍA, INDUSTRIA Y CONSTRUCCIÓN;3
05;05887;SALUD Y BIENESTAR;75
05;05890;AGROPECUARIO, SILVICULTURA, PESCA Y VETERINARIA;59
05;05890;EDUCACIÓN;75
05;05890;SALUD Y BIENESTAR;1
08;08001;ADMINISTRACIÓN DE EMPRESAS Y DERECHO;58006
08;08001;AGROPECUARIO, SILVICULTURA, PESCA Y VETERINARIA;14
08;08001;ARTE Y HUMANIDADES;3782
08;08001;CIENCIAS NATURALES, MATEMÁTICAS Y ESTADÍSTICA;1716
08;08001;CIENCIAS SOCIALES, PERIODISMO E INFORMACIÓN;11871
08;08001;EDUCACIÓN;9514
08;08001;INGENIERÍA, INDUSTRIA Y CONSTRUCCIÓN;25739
08;08001;SALUD Y BIENESTAR;13666
08;08001;SERVICIOS;6247
08;08001;TECNOLOGÍAS DE LA INFORMACIÓN Y LA COMUNICACIÓN (TIC);3990
08;08296;ADMINISTRACIÓN DE EMPRESAS Y DERECHO;2
08;08296;INGENIERÍA, INDUSTRIA Y CONSTRUCCIÓN;2
08;08421;INGENIERÍA, INDUSTRIA Y CONSTRUCCIÓN;1
08;08433;CIENCIAS SOCIALES, PERIODISMO E INFORMACIÓN;1
08;08433;INGENIERÍA, INDUSTRIA Y CONSTRUCCIÓN;52
08;08433;TECNOLOGÍAS DE LA INFORMACIÓN Y LA COMUNICACIÓN (TIC);80
08;08573;ADMINISTRACIÓN DE EMPRESAS Y DERECHO;123
08;08573;AGROPECUARIO, SILVICULTURA, PESCA Y VETERINARIA;35
08;08573;ARTE Y HUMANIDADES;14
08;08573;CIENCIAS NATURALES, MATEMÁTICAS Y ESTADÍSTICA;15
08;08573;CIENCIAS SOCIALES, PERIODISMO E INFORMACIÓN;12
08;08573;EDUCACIÓN;189
08;08573;INGENIERÍA, INDUSTRIA Y CONSTRUCCIÓN;444
08;08573;SALUD Y BIENESTAR;38
08;08573;SERVICIOS;143
08;08634;ADMINISTRACIÓN DE EMPRESAS Y DERECHO;4
08;08634;INGENIERÍA, INDUSTRIA Y CONSTRUCCIÓN;2
08;08638;AGROPECUARIO, SILVICULTURA, PESCA Y VETERINARIA;167
08;08638;CIENCIAS NATURALES, MATEMÁTICAS Y ESTADÍSTICA;318
08;08638;EDUCACIÓN;1
08;08638;INGENIERÍA, INDUSTRIA Y CONSTRUCCIÓN;347
08;08638;TECNOLOGÍAS DE LA INFORMACIÓN Y LA COMUNICACIÓN (TIC);1
08;08685;ADMINISTRACIÓN DE EMPRESAS Y DERECHO;1
08;08685;CIENCIAS SOCIALES, PERIODISMO E INFORMACIÓN;1
08;08685;INGENIERÍA, INDUSTRIA Y CONSTRUCCIÓN;1
08;08758;ADMINISTRACIÓN DE EMPRESAS Y DERECHO;723
08;08758;ARTE Y HUMANIDADES;35
08;08758;CIENCIAS NATURALES, MATEMÁTICAS Y ESTADÍSTICA;1
08;08758;CIENCIAS SOCIALES, PERIODISMO E INFORMACIÓN;4
08;08758;INGENIERÍA, INDUSTRIA Y CONSTRUCCIÓN;3171
08;08758;SERVICIOS;2057
08;08758;TECNOLOGÍAS DE LA INFORMACIÓN Y LA COMUNICACIÓN (TIC);93
08;08770;ADMINISTRACIÓN DE EMPRESAS Y DERECHO;86
08;08770;AGROPECUARIO, SILVICULTURA, PESCA Y VETERINARIA;3
08;08770;CIENCIAS NATURALES, MATEMÁTICAS Y ESTADÍSTICA;4
08;08770;EDUCACIÓN;2
08;08770;INGENIERÍA, INDUSTRIA Y CONSTRUCCIÓN;77
08;08770;SALUD Y BIENESTAR;13
11;11001;ADMINISTRACIÓN DE EMPRESAS Y DERECHO;411798
11;11001;AGROPECUARIO, SILVICULTURA, PESCA Y VETERINARIA;5645
11;11001;ARTE Y HUMANIDADES;38750
11;11001;CIENCIAS NATURALES, MATEMÁTICAS Y ESTADÍSTICA;13652
11;11001;CIENCIAS SOCIALES, PERIODISMO E INFORMACIÓN;102961
11;11001;EDUCACIÓN;69544
11;11001;INGENIERÍA, INDUSTRIA Y CONSTRUCCIÓN;150420
11;11001;SALUD Y BIENESTAR;45586
11;11001;SERVICIOS;22009
11;11001;TECNOLOGÍAS DE LA INFORMACIÓN Y LA COMUNICACIÓN (TIC);33536
13;13001;ADMINISTRACIÓN DE EMPRESAS Y DERECHO;30406
13;13001;AGROPECUARIO, SILVICULTURA, PESCA Y VETERINARIA;319
13;13001;ARTE Y HUMANIDADES;1598
13;13001;CIENCIAS NATURALES, MATEMÁTICAS Y ESTADÍSTICA;1520
13;13001;CIENCIAS SOCIALES, PERIODISMO E INFORMACIÓN;5387
13;13001;EDUCACIÓN;4772
13;13001;INGENIERÍA, INDUSTRIA Y CONSTRUCCIÓN;19299
13;13001;SALUD Y BIENESTAR;6561
13;13001;SERVICIOS;7070
13;13001;TECNOLOGÍAS DE LA INFORMACIÓN Y LA COMUNICACIÓN (TIC);2450
13;13006;ADMINISTRACIÓN DE EMPRESAS Y DERECHO;50
13;13006;EDUCACIÓN;1
13;13006;INGENIERÍA, INDUSTRIA Y CONSTRUCCIÓN;2
13;13006;SALUD Y BIENESTAR;10
13;13052;ADMINISTRACIÓN DE EMPRESAS Y DERECHO;1
13;13052;CIENCIAS SOCIALES, PERIODISMO E INFORMACIÓN;1
13;13052;EDUCACIÓN;2
13;13052;SERVICIOS;2
13;13212;CIENCIAS SOCIALES, PERIODISMO E INFORMACIÓN;1
13;13244;ADMINISTRACIÓN DE EMPRESAS Y DERECHO;165
13;13244;AGROPECUARIO, SILVICULTURA, PESCA Y VETERINARIA;5
13;13244;CIENCIAS SOCIALES, PERIODISMO E INFORMACIÓN;1
13;13244;INGENIERÍA, INDUSTRIA Y CONSTRUCCIÓN;62
13;13244;SALUD Y BIENESTAR;100
13;13244;TECNOLOGÍAS DE LA INFORMACIÓN Y LA COMUNICACIÓN (TIC);16
13;13430;ADMINISTRACIÓN DE EMPRESAS Y DERECHO;947
13;13430;INGENIERÍA, INDUSTRIA Y CONSTRUCCIÓN;72
13;13430;SALUD Y BIENESTAR;101
13;13430;TECNOLOGÍAS DE LA INFORMACIÓN Y LA COMUNICACIÓN (TIC);19
13;13433;CIENCIAS SOCIALES, PERIODISMO E INFORMACIÓN;1
13;13442;AGROPECUARIO, SILVICULTURA, PESCA Y VETERINARIA;11
13;13442;EDUCACIÓN;84
13;13442;INGENIERÍA, INDUSTRIA Y CONSTRUCCIÓN;2
13;13468;ADMINISTRACIÓN DE EMPRESAS Y DERECHO;256
13;13468;AGROPECUARIO, SILVICULTURA, PESCA Y VETERINARIA;14
13;13468;EDUCACIÓN;1
13;13468;INGENIERÍA, INDUSTRIA Y CONSTRUCCIÓN;149
13;13468;SALUD Y BIENESTAR;51
13;13468;TECNOLOGÍAS DE LA INFORMACIÓN Y LA COMUNICACIÓN (TIC);29
13;13473;EDUCACIÓN;1
13;13647;INGENIERÍA, INDUSTRIA Y CONSTRUCCIÓN;1
13;13647;SALUD Y BIENESTAR;1
13;13657;ADMINISTRACIÓN DE EMPRESAS Y DERECHO;209
13;13657;INGENIERÍA, INDUSTRIA Y CONSTRUCCIÓN;38
13;13657;SALUD Y BIENESTAR;120
13;13657;TECNOLOGÍAS DE LA INFORMACIÓN Y LA COMUNICACIÓN (TIC);26
13;13670;EDUCACIÓN;2
13;13683;EDUCACIÓN;4
13;13688;ADMINISTRACIÓN DE EMPRESAS Y DERECHO;30
13;13688;AGROPECUARIO, SILVICULTURA, PESCA Y VETERINARIA;13
13;13780;CIENCIAS SOCIALES, PERIODISMO E INFORMACIÓN;1
13;13836;ADMINISTRACIÓN DE EMPRESAS Y DERECHO;75
13;13836;CIENCIAS SOCIALES, PERIODISMO E INFORMACIÓN;1
13;13836;EDUCACIÓN;2
13;13836;INGENIERÍA, INDUSTRIA Y CONSTRUCCIÓN;7
13;13836;SALUD Y BIENESTAR;46
13;13894;EDUCACIÓN;1
15;15001;ADMINISTRACIÓN DE EMPRESAS Y DERECHO;16708
15;15001;AGROPECUARIO, SILVICULTURA, PESCA Y VETERINARIA;1190
15;15001;ARTE Y HUMANIDADES;449
15;15001;CIENCIAS NATURALES, MATEMÁTICAS Y ESTADÍSTICA;1621
15;15001;CIENCIAS SOCIALES, PERIODISMO E INFORMACIÓN;3682
15;15001;EDUCACIÓN;10562
15;15001;INGENIERÍA, INDUSTRIA Y CONSTRUCCIÓN;8621
15;15001;SALUD Y BIENESTAR;2041
15;15001;SERVICIOS;970
15;15001;TECNOLOGÍAS DE LA INFORMACIÓN Y LA COMUNICACIÓN (TIC);1180
15;15022;CIENCIAS SOCIALES, PERIODISMO E INFORMACIÓN;1
15;15022;EDUCACIÓN;1
15;15022;SERVICIOS;1
15;15047;AGROPECUARIO, SILVICULTURA, PESCA Y VETERINARIA;1
15;15087;AGROPECUARIO, SILVICULTURA, PESCA Y VETERINARIA;1
15;15097;ADMINISTRACIÓN DE EMPRESAS Y DERECHO;7
15;15097;AGROPECUARIO, SILVICULTURA, PESCA Y VETERINARIA;3
15;15097;CIENCIAS SOCIALES, PERIODISMO E INFORMACIÓN;12
15;15097;EDUCACIÓN;4
15;15097;INGENIERÍA, INDUSTRIA Y CONSTRUCCIÓN;9
15;15097;SALUD Y BIENESTAR;7
15;15097;TECNOLOGÍAS DE LA INFORMACIÓN Y LA COMUNICACIÓN (TIC);1
15;15104;ADMINISTRACIÓN DE EMPRESAS Y DERECHO;1
15;15104;CIENCIAS SOCIALES, PERIODISMO E INFORMACIÓN;2
15;15104;INGENIERÍA, INDUSTRIA Y CONSTRUCCIÓN;1
15;15104;SERVICIOS;3
15;15109;ADMINISTRACIÓN DE EMPRESAS Y DERECHO;1
15;15162;AGROPECUARIO, SILVICULTURA, PESCA Y VETERINARIA;1
15;15176;ADMINISTRACIÓN DE EMPRESAS Y DERECHO;1132
15;15176;AGROPECUARIO, SILVICULTURA, PESCA Y VETERINARIA;26
15;15176;ARTE Y HUMANIDADES;2
15;15176;CIENCIAS NATURALES, MATEMÁTICAS Y ESTADÍSTICA;10
15;15176;CIENCIAS SOCIALES, PERIODISMO E INFORMACIÓN;70
15;15176;EDUCACIÓN;336
15;15176;INGENIERÍA, INDUSTRIA Y CONSTRUCCIÓN;216
15;15176;SALUD Y BIENESTAR;6
15;15176;SERVICIOS;1
15;15176;TECNOLOGÍAS DE LA INFORMACIÓN Y LA COMUNICACIÓN (TIC);34
15;15180;EDUCACIÓN;1
15;15180;INGENIERÍA, INDUSTRIA Y CONSTRUCCIÓN;1
15;15204;CIENCIAS SOCIALES, PERIODISMO E INFORMACIÓN;1
15;15204;INGENIERÍA, INDUSTRIA Y CONSTRUCCIÓN;2
15;15223;ADMINISTRACIÓN DE EMPRESAS Y DERECHO;10
15;15223;AGROPECUARIO, SILVICULTURA, PESCA Y VETERINARIA;15
15;15223;ARTE Y HUMANIDADES;1
15;15223;CIENCIAS SOCIALES, PERIODISMO E INFORMACIÓN;31
15;15223;EDUCACIÓN;6
15;15223;INGENIERÍA, INDUSTRIA Y CONSTRUCCIÓN;12
15;15223;SALUD Y BIENESTAR;2
15;15223;TECNOLOGÍAS DE LA INFORMACIÓN Y LA COMUNICACIÓN (TIC);1
15;15224;INGENIERÍA, INDUSTRIA Y CONSTRUCCIÓN;1
15;15224;SERVICIOS;1
15;15238;ADMINISTRACIÓN DE EMPRESAS Y DERECHO;2646
15;15238;AGROPECUARIO, SILVICULTURA, PESCA Y VETERINARIA;443
15;15238;ARTE Y HUMANIDADES;250
15;15238;CIENCIAS NATURALES, MATEMÁTICAS Y ESTADÍSTICA;348
15;15238;CIENCIAS SOCIALES, PERIODISMO E INFORMACIÓN;131
15;15238;EDUCACIÓN;925
15;15238;INGENIERÍA, INDUSTRIA Y CONSTRUCCIÓN;1375
15;15238;SALUD Y BIENESTAR;14
15;15238;SERVICIOS;54
15;15238;TECNOLOGÍAS DE LA INFORMACIÓN Y LA COMUNICACIÓN (TIC);19
15;15244;ADMINISTRACIÓN DE EMPRESAS Y DERECHO;1
15;15272;INGENIERÍA, INDUSTRIA Y CONSTRUCCIÓN;1
15;15276;CIENCIAS SOCIALES, PERIODISMO E INFORMACIÓN;1
15;15276;INGENIERÍA, INDUSTRIA Y CONSTRUCCIÓN;1
15;15299;ADMINISTRACIÓN DE EMPRESAS Y DERECHO;99
15;15299;AGROPECUARIO, SILVICULTURA, PESCA Y VETERINARIA;24
15;15299;CIENCIAS SOCIALES, PERIODISMO E INFORMACIÓN;18
15;15299;EDUCACIÓN;20
15;15299;INGENIERÍA, INDUSTRIA Y CONSTRUCCIÓN;42
15;15299;SALUD Y BIENESTAR;5
15;15299;SERVICIOS;1
15;15322;ADMINISTRACIÓN DE EMPRESAS Y DERECHO;29
15;15322;AGROPECUARIO, SILVICULTURA, PESCA Y VETERINARIA;1
15;15322;INGENIERÍA, INDUSTRIA Y CONSTRUCCIÓN;2
15;15325;ADMINISTRACIÓN DE EMPRESAS Y DERECHO;1
15;15367;INGENIERÍA, INDUSTRIA Y CONSTRUCCIÓN;1
15;15407;ADMINISTRACIÓN DE EMPRESAS Y DERECHO;2
15;15425;INGENIERÍA, INDUSTRIA Y CONSTRUCCIÓN;2
15;15455;ADMINISTRACIÓN DE EMPRESAS Y DERECHO;41
15;15455;AGROPECUARIO, SILVICULTURA, PESCA Y VETERINARIA;1
15;15455;CIENCIAS SOCIALES, PERIODISMO E INFORMACIÓN;1
15;15466;AGROPECUARIO, SILVICULTURA, PESCA Y VETERINARIA;1
15;15469;ADMINISTRACIÓN DE EMPRESAS Y DERECHO;155
15;15469;CIENCIAS SOCIALES, PERIODISMO E INFORMACIÓN;3
15;15469;EDUCACIÓN;1
15;15469;INGENIERÍA, INDUSTRIA Y CONSTRUCCIÓN;25
15;15480;ADMINISTRACIÓN DE EMPRESAS Y DERECHO;17
15;15491;ADMINISTRACIÓN DE EMPRESAS Y DERECHO;1
15;15491;CIENCIAS SOCIALES, PERIODISMO E INFORMACIÓN;2
15;15491;INGENIERÍA, INDUSTRIA Y CONSTRUCCIÓN;6
15;15500;INGENIERÍA, INDUSTRIA Y CONSTRUCCIÓN;1
15;15511;ADMINISTRACIÓN DE EMPRESAS Y DERECHO;1
15;15516;AGROPECUARIO, SILVICULTURA, PESCA Y VETERINARIA;1
15;15516;CIENCIAS NATURALES, MATEMÁTICAS Y ESTADÍSTICA;1
15;15516;CIENCIAS SOCIALES, PERIODISMO E INFORMACIÓN;1
15;15516;INGENIERÍA, INDUSTRIA Y CONSTRUCCIÓN;3
15;15516;SALUD Y BIENESTAR;1
15;15516;SERVICIOS;1
15;15572;ADMINISTRACIÓN DE EMPRESAS Y DERECHO;348
15;15572;CIENCIAS NATURALES, MATEMÁTICAS Y ESTADÍSTICA;124
15;15572;CIENCIAS SOCIALES, PERIODISMO E INFORMACIÓN;43
15;15572;EDUCACIÓN;1
15;15572;INGENIERÍA, INDUSTRIA Y CONSTRUCCIÓN;4
15;15572;TECNOLOGÍAS DE LA INFORMACIÓN Y LA COMUNICACIÓN (TIC);54
15;15599;INGENIERÍA, INDUSTRIA Y CONSTRUCCIÓN;1
15;15646;ADMINISTRACIÓN DE EMPRESAS Y DERECHO;1
15;15646;INGENIERÍA, INDUSTRIA Y CONSTRUCCIÓN;3
15;15660;ADMINISTRACIÓN DE EMPRESAS Y DERECHO;1
15;15667;INGENIERÍA, INDUSTRIA Y CONSTRUCCIÓN;1
15;15690;CIENCIAS SOCIALES, PERIODISMO E INFORMACIÓN;1
15;15690;INGENIERÍA, INDUSTRIA Y CONSTRUCCIÓN;1
15;15693;ADMINISTRACIÓN DE EMPRESAS Y DERECHO;1
15;15693;CIENCIAS SOCIALES, PERIODISMO E INFORMACIÓN;1
15;15693;INGENIERÍA, INDUSTRIA Y CONSTRUCCIÓN;2
15;15693;SERVICIOS;3133
15;15740;INGENIERÍA, INDUSTRIA Y CONSTRUCCIÓN;1
15;15740;SERVICIOS;1
15;15753;ADMINISTRACIÓN DE EMPRESAS Y DERECHO;44
15;15753;AGROPECUARIO, SILVICULTURA, PESCA Y VETERINARIA;2
15;15753;CIENCIAS SOCIALES, PERIODISMO E INFORMACIÓN;16
15;15753;EDUCACIÓN;35
15;15753;INGENIERÍA, INDUSTRIA Y CONSTRUCCIÓN;12
15;15753;SALUD Y BIENESTAR;3
15;15753;SERVICIOS;1
15;15757;ADMINISTRACIÓN DE EMPRESAS Y DERECHO;11
15;15757;AGROPECUARIO, SILVICULTURA, PESCA Y VETERINARIA;1
15;15757;ARTE Y HUMANIDADES;1
15;15757;CIENCIAS SOCIALES, PERIODISMO E INFORMACIÓN;11
15;15757;EDUCACIÓN;4
15;15757;INGENIERÍA, INDUSTRIA Y CONSTRUCCIÓN;11
15;15757;SALUD Y BIENESTAR;3
15;15759;ADMINISTRACIÓN DE EMPRESAS Y DERECHO;2423
15;15759;AGROPECUARIO, SILVICULTURA, PESCA Y VETERINARIA;20
15;15759;ARTE Y HUMANIDADES;148
15;15759;CIENCIAS NATURALES, MATEMÁTICAS Y ESTADÍSTICA;955
15;15759;CIENCIAS SOCIALES, PERIODISMO E INFORMACIÓN;228
15;15759;EDUCACIÓN;72
15;15759;INGENIERÍA, INDUSTRIA Y CONSTRUCCIÓN;6373
15;15759;SALUD Y BIENESTAR;643
15;15759;SERVICIOS;943
15;15759;TECNOLOGÍAS DE LA INFORMACIÓN Y LA COMUNICACIÓN (TIC);1010
15;15776;INGENIERÍA, INDUSTRIA Y CONSTRUCCIÓN;1
15;15778;EDUCACIÓN;10
15;15790;ADMINISTRACIÓN DE EMPRESAS Y DERECHO;1
15;15798;EDUCACIÓN;3
15;15804;ADMINISTRACIÓN DE EMPRESAS Y DERECHO;1
15;15806;AGROPECUARIO, SILVICULTURA, PESCA Y VETERINARIA;1
15;15806;CIENCIAS SOCIALES, PERIODISMO E INFORMACIÓN;1
15;15806;INGENIERÍA, INDUSTRIA Y CONSTRUCCIÓN;1
15;15835;AGROPECUARIO, SILVICULTURA, PESCA Y VETERINARIA;1
15;15837;CIENCIAS SOCIALES, PERIODISMO E INFORMACIÓN;1
15;15837;INGENIERÍA, INDUSTRIA Y CONSTRUCCIÓN;3
15;15861;SALUD Y BIENESTAR;1
15;15897;CIENCIAS SOCIALES, PERIODISMO E INFORMACIÓN;1
17;17001;ADMINISTRACIÓN DE EMPRESAS Y DERECHO;17200
17;17001;AGROPECUARIO, SILVICULTURA, PESCA Y VETERINARIA;3032
17;17001;ARTE Y HUMANIDADES;1503
17;17001;CIENCIAS NATURALES, MATEMÁTICAS Y ESTADÍSTICA;1164
17;17001;CIENCIAS SOCIALES, PERIODISMO E INFORMACIÓN;2997
17;17001;EDUCACIÓN;4446
17;17001;INGENIERÍA, INDUSTRIA Y CONSTRUCCIÓN;10955
17;17001;SALUD Y BIENESTAR;4418
17;17001;SERVICIOS;3493
17;17001;TECNOLOGÍAS DE LA INFORMACIÓN Y LA COMUNICACIÓN (TIC);2057
17;17013;ADMINISTRACIÓN DE EMPRESAS Y DERECHO;47
17;17013;AGROPECUARIO, SILVICULTURA, PESCA Y VETERINARIA;18
17;17013;INGENIERÍA, INDUSTRIA Y CONSTRUCCIÓN;1
17;17013;SALUD Y BIENESTAR;33
17;17013;SERVICIOS;32
17;17042;ADMINISTRACIÓN DE EMPRESAS Y DERECHO;79
17;17042;AGROPECUARIO, SILVICULTURA, PESCA Y VETERINARIA;58
17;17042;EDUCACIÓN;36
17;17042;INGENIERÍA, INDUSTRIA Y CONSTRUCCIÓN;68
17;17042;SALUD Y BIENESTAR;71
17;17042;SERVICIOS;32
17;17042;TECNOLOGÍAS DE LA INFORMACIÓN Y LA COMUNICACIÓN (TIC);10
17;17088;ADMINISTRACIÓN DE EMPRESAS Y DERECHO;46
17;17088;AGROPECUARIO, SILVICULTURA, PESCA Y VETERINARIA;23
17;17088;SERVICIOS;14
17;17174;ADMINISTRACIÓN DE EMPRESAS Y DERECHO;278
17;17174;AGROPECUARIO, SILVICULTURA, PESCA Y VETERINARIA;47
17;17174;CIENCIAS SOCIALES, PERIODISMO E INFORMACIÓN;1
17;17174;INGENIERÍA, INDUSTRIA Y CONSTRUCCIÓN;3
17;17174;SALUD Y BIENESTAR;1
17;17174;SERVICIOS;1
17;17174;TECNOLOGÍAS DE LA INFORMACIÓN Y LA COMUNICACIÓN (TIC);9
17;17272;ADMINISTRACIÓN DE EMPRESAS Y DERECHO;31
17;17272;SERVICIOS;31
17;17380;ADMINISTRACIÓN DE EMPRESAS Y DERECHO;803
17;17380;AGROPECUARIO, SILVICULTURA, PESCA Y VETERINARIA;82
17;17380;CIENCIAS NATURALES, MATEMÁTICAS Y ESTADÍSTICA;44
17;17380;CIENCIAS SOCIALES, PERIODISMO E INFORMACIÓN;142
17;17380;EDUCACIÓN;24
17;17380;INGENIERÍA, INDUSTRIA Y CONSTRUCCIÓN;288
17;17380;SALUD Y BIENESTAR;30
17;17380;SERVICIOS;113
17;17380;TECNOLOGÍAS DE LA INFORMACIÓN Y LA COMUNICACIÓN (TIC);73
17;17388;AGROPECUARIO, SILVICULTURA, PESCA Y VETERINARIA;22
17;17388;SERVICIOS;24
17;17433;ADMINISTRACIÓN DE EMPRESAS Y DERECHO;33
17;17433;AGROPECUARIO, SILVICULTURA, PESCA Y VETERINARIA;15
17;17433;CIENCIAS SOCIALES, PERIODISMO E INFORMACIÓN;1
17;17433;EDUCACIÓN;1
17;17433;INGENIERÍA, INDUSTRIA Y CONSTRUCCIÓN;1
17;17433;TECNOLOGÍAS DE LA INFORMACIÓN Y LA COMUNICACIÓN (TIC);12
17;17444;AGROPECUARIO, SILVICULTURA, PESCA Y VETERINARIA;75
17;17444;TECNOLOGÍAS DE LA INFORMACIÓN Y LA COMUNICACIÓN (TIC);19
17;17486;ADMINISTRACIÓN DE EMPRESAS Y DERECHO;49
17;17486;SERVICIOS;46
17;17513;ADMINISTRACIÓN DE EMPRESAS Y DERECHO;23
17;17513;AGROPECUARIO, SILVICULTURA, PESCA Y VETERINARIA;24
17;17524;ADMINISTRACIÓN DE EMPRESAS Y DERECHO;40
17;17524;SERVICIOS;38
17;17541;ADMINISTRACIÓN DE EMPRESAS Y DERECHO;239
17;17541;AGROPECUARIO, SILVICULTURA, PESCA Y VETERINARIA;293
17;17541;CIENCIAS NATURALES, MATEMÁTICAS Y ESTADÍSTICA;14
17;17541;EDUCACIÓN;23
17;17541;INGENIERÍA, INDUSTRIA Y CONSTRUCCIÓN;1
17;17541;TECNOLOGÍAS DE LA INFORMACIÓN Y LA COMUNICACIÓN (TIC);88
17;17614;ADMINISTRACIÓN DE EMPRESAS Y DERECHO;71
17;17614;AGROPECUARIO, SILVICULTURA, PESCA Y VETERINARIA;74
17;17614;CIENCIAS SOCIALES, PERIODISMO E INFORMACIÓN;22
17;17614;EDUCACIÓN;46
17;17614;INGENIERÍA, INDUSTRIA Y CONSTRUCCIÓN;52
17;17614;SALUD Y BIENESTAR;31
17;17614;SERVICIOS;25
17;17614;TECNOLOGÍAS DE LA INFORMACIÓN Y LA COMUNICACIÓN (TIC);19
17;17616;SERVICIOS;17
17;17653;AGROPECUARIO, SILVICULTURA, PESCA Y VETERINARIA;21
17;17653;SERVICIOS;18
17;17662;ADMINISTRACIÓN DE EMPRESAS Y DERECHO;31
17;17662;AGROPECUARIO, SILVICULTURA, PESCA Y VETERINARIA;96
17;17662;INGENIERÍA, INDUSTRIA Y CONSTRUCCIÓN;1
17;17665;CIENCIAS SOCIALES, PERIODISMO E INFORMACIÓN;1
17;17665;SERVICIOS;17
17;17777;ADMINISTRACIÓN DE EMPRESAS Y DERECHO;18
17;17777;SERVICIOS;30
17;17867;AGROPECUARIO, SILVICULTURA, PESCA Y VETERINARIA;1
17;17867;INGENIERÍA, INDUSTRIA Y CONSTRUCCIÓN;1
17;17873;ADMINISTRACIÓN DE EMPRESAS Y DERECHO;1
17;17873;AGROPECUARIO, SILVICULTURA, PESCA Y VETERINARIA;6
17;17873;CIENCIAS SOCIALES, PERIODISMO E INFORMACIÓN;2
17;17873;INGENIERÍA, INDUSTRIA Y CONSTRUCCIÓN;1
17;17877;SERVICIOS;6
18;18001;ADMINISTRACIÓN DE EMPRESAS Y DERECHO;4052
18;18001;AGROPECUARIO, SILVICULTURA, PESCA Y VETERINARIA;882
18;18001;ARTE Y HUMANIDADES;1
18;18001;CIENCIAS NATURALES, MATEMÁTICAS Y ESTADÍSTICA;351
18;18001;CIENCIAS SOCIALES, PERIODISMO E INFORMACIÓN;626
18;18001;EDUCACIÓN;1545
18;18001;INGENIERÍA, INDUSTRIA Y CONSTRUCCIÓN;370
18;18001;SALUD Y BIENESTAR;57
18;18001;SERVICIOS;65
18;18001;TECNOLOGÍAS DE LA INFORMACIÓN Y LA COMUNICACIÓN (TIC);188
18;18029;ADMINISTRACIÓN DE EMPRESAS Y DERECHO;17
18;18029;CIENCIAS SOCIALES, PERIODISMO E INFORMACIÓN;2
18;18029;INGENIERÍA, INDUSTRIA Y CONSTRUCCIÓN;1
18;18094;CIENCIAS SOCIALES, PERIODISMO E INFORMACIÓN;1
18;18094;INGENIERÍA, INDUSTRIA Y CONSTRUCCIÓN;1
18;18150;ADMINISTRACIÓN DE EMPRESAS Y DERECHO;3
18;18205;CIENCIAS SOCIALES, PERIODISMO E INFORMACIÓN;1
18;18247;ADMINISTRACIÓN DE EMPRESAS Y DERECHO;7
18;18247;EDUCACIÓN;3
18;18256;ADMINISTRACIÓN DE EMPRESAS Y DERECHO;32
18;18256;CIENCIAS SOCIALES, PERIODISMO E INFORMACIÓN;1
18;18256;INGENIERÍA, INDUSTRIA Y CONSTRUCCIÓN;1
18;18410;CIENCIAS SOCIALES, PERIODISMO E INFORMACIÓN;1
18;18592;ADMINISTRACIÓN DE EMPRESAS Y DERECHO;1
18;18592;CIENCIAS SOCIALES, PERIODISMO E INFORMACIÓN;6
18;18592;INGENIERÍA, INDUSTRIA Y CONSTRUCCIÓN;1
18;18610;AGROPECUARIO, SILVICULTURA, PESCA Y VETERINARIA;1
18;18753;ADMINISTRACIÓN DE EMPRESAS Y DERECHO;103
18;18753;AGROPECUARIO, SILVICULTURA, PESCA Y VETERINARIA;6
18;18753;CIENCIAS SOCIALES, PERIODISMO E INFORMACIÓN;16
18;18753;EDUCACIÓN;12
18;18753;INGENIERÍA, INDUSTRIA Y CONSTRUCCIÓN;9
18;18753;SALUD Y BIENESTAR;4
18;18753;TECNOLOGÍAS DE LA INFORMACIÓN Y LA COMUNICACIÓN (TIC);3
19;19001;ADMINISTRACIÓN DE EMPRESAS Y DERECHO;13134
19;19001;AGROPECUARIO, SILVICULTURA, PESCA Y VETERINARIA;1293
19;19001;ARTE Y HUMANIDADES;574
19;19001;CIENCIAS NATURALES, MATEMÁTICAS Y ESTADÍSTICA;1096
19;19001;CIENCIAS SOCIALES, PERIODISMO E INFORMACIÓN;4579
19;19001;EDUCACIÓN;2591
19;19001;INGENIERÍA, INDUSTRIA Y CONSTRUCCIÓN;5989
19;19001;SALUD Y BIENESTAR;2191
19;19001;SERVICIOS;700
19;19001;TECNOLOGÍAS DE LA INFORMACIÓN Y LA COMUNICACIÓN (TIC);1909
19;19022;ADMINISTRACIÓN DE EMPRESAS Y DERECHO;1
19;19022;EDUCACIÓN;1
19;19100;ADMINISTRACIÓN DE EMPRESAS Y DERECHO;1
19;19100;CIENCIAS SOCIALES, PERIODISMO E INFORMACIÓN;2
19;19100;EDUCACIÓN;1
19;19100;INGENIERÍA, INDUSTRIA Y CONSTRUCCIÓN;1
19;19100;SERVICIOS;1
19;19110;EDUCACIÓN;1
19;19137;ADMINISTRACIÓN DE EMPRESAS Y DERECHO;1
19;19137;EDUCACIÓN;6
19;19142;ADMINISTRACIÓN DE EMPRESAS Y DERECHO;2
19;19142;ARTE Y HUMANIDADES;1
19;19142;EDUCACIÓN;7
19;19212;ADMINISTRACIÓN DE EMPRESAS Y DERECHO;1
19;19212;EDUCACIÓN;5
19;19290;ADMINISTRACIÓN DE EMPRESAS Y DERECHO;16
19;19290;CIENCIAS SOCIALES, PERIODISMO E INFORMACIÓN;1
19;19300;INGENIERÍA, INDUSTRIA Y CONSTRUCCIÓN;4
19;19300;SERVICIOS;6
19;19318;ARTE Y HUMANIDADES;1
19;19318;EDUCACIÓN;21
19;19355;AGROPECUARIO, SILVICULTURA, PESCA Y VETERINARIA;1
19;19355;CIENCIAS SOCIALES, PERIODISMO E INFORMACIÓN;5
19;19355;EDUCACIÓN;4
19;19364;EDUCACIÓN;1
19;19392;AGROPECUARIO, SILVICULTURA, PESCA Y VETERINARIA;1
19;19392;EDUCACIÓN;1
19;19397;ADMINISTRACIÓN DE EMPRESAS Y DERECHO;2
19;19397;EDUCACIÓN;1
19;19418;EDUCACIÓN;4
19;19450;ADMINISTRACIÓN DE EMPRESAS Y DERECHO;5
19;19450;INGENIERÍA, INDUSTRIA Y CONSTRUCCIÓN;1
19;19455;ADMINISTRACIÓN DE EMPRESAS Y DERECHO;172
19;19455;AGROPECUARIO, SILVICULTURA, PESCA Y VETERINARIA;43
19;19455;CIENCIAS SOCIALES, PERIODISMO E INFORMACIÓN;2
19;19455;EDUCACIÓN;4
19;19455;INGENIERÍA, INDUSTRIA Y CONSTRUCCIÓN;22
19;19473;ADMINISTRACIÓN DE EMPRESAS Y DERECHO;1
19;19473;ARTE Y HUMANIDADES;1
19;19473;EDUCACIÓN;5
19;19513;INGENIERÍA, INDUSTRIA Y CONSTRUCCIÓN;1
19;19517;ADMINISTRACIÓN DE EMPRESAS Y DERECHO;2
19;19517;ARTE Y HUMANIDADES;1
19;19517;CIENCIAS SOCIALES, PERIODISMO E INFORMACIÓN;5
19;19517;EDUCACIÓN;10
19;19517;INGENIERÍA, INDUSTRIA Y CONSTRUCCIÓN;1
19;19532;ADMINISTRACIÓN DE EMPRESAS Y DERECHO;112
19;19532;AGROPECUARIO, SILVICULTURA, PESCA Y VETERINARIA;12
19;19532;CIENCIAS SOCIALES, PERIODISMO E INFORMACIÓN;33
19;19532;EDUCACIÓN;20
19;19532;INGENIERÍA, INDUSTRIA Y CONSTRUCCIÓN;33
19;19532;SALUD Y BIENESTAR;14
19;19532;TECNOLOGÍAS DE LA INFORMACIÓN Y LA COMUNICACIÓN (TIC);4
19;19533;ADMINISTRACIÓN DE EMPRESAS Y DERECHO;8
19;19533;CIENCIAS SOCIALES, PERIODISMO E INFORMACIÓN;4
19;19548;CIENCIAS NATURALES, MATEMÁTICAS Y ESTADÍSTICA;4
19;19548;TECNOLOGÍAS DE LA INFORMACIÓN Y LA COMUNICACIÓN (TIC);2
19;19573;ADMINISTRACIÓN DE EMPRESAS Y DERECHO;4
19;19573;AGROPECUARIO, SILVICULTURA, PESCA Y VETERINARIA;3
19;19573;CIENCIAS SOCIALES, PERIODISMO E INFORMACIÓN;1
19;19573;EDUCACIÓN;3
19;19573;INGENIERÍA, INDUSTRIA Y CONSTRUCCIÓN;72
19;19585;EDUCACIÓN;1
19;19622;CIENCIAS SOCIALES, PERIODISMO E INFORMACIÓN;1
19;19693;AGROPECUARIO, SILVICULTURA, PESCA Y VETERINARIA;1
19;19698;ADMINISTRACIÓN DE EMPRESAS Y DERECHO;1396
19;19698;AGROPECUARIO, SILVICULTURA, PESCA Y VETERINARIA;102
19;19698;ARTE Y HUMANIDADES;1
19;19698;CIENCIAS NATURALES, MATEMÁTICAS Y ESTADÍSTICA;6
19;19698;CIENCIAS SOCIALES, PERIODISMO E INFORMACIÓN;396
19;19698;EDUCACIÓN;421
19;19698;INGENIERÍA, INDUSTRIA Y CONSTRUCCIÓN;724
19;19698;SALUD Y BIENESTAR;132
19;19698;TECNOLOGÍAS DE LA INFORMACIÓN Y LA COMUNICACIÓN (TIC);165
19;19701;ADMINISTRACIÓN DE EMPRESAS Y DERECHO;1
19;19743;ADMINISTRACIÓN DE EMPRESAS Y DERECHO;1
19;19743;AGROPECUARIO, SILVICULTURA, PESCA Y VETERINARIA;14
19;19743;CIENCIAS SOCIALES, PERIODISMO E INFORMACIÓN;1
19;19743;EDUCACIÓN;7
19;19760;INGENIERÍA, INDUSTRIA Y CONSTRUCCIÓN;1
19;19780;ADMINISTRACIÓN DE EMPRESAS Y DERECHO;3
19;19780;EDUCACIÓN;1
19;19785;INGENIERÍA, INDUSTRIA Y CONSTRUCCIÓN;1
19;19807;ADMINISTRACIÓN DE EMPRESAS Y DERECHO;1
19;19809;EDUCACIÓN;3
19;19821;CIENCIAS SOCIALES, PERIODISMO E INFORMACIÓN;12
19;19821;EDUCACIÓN;65
19;19824;EDUCACIÓN;5
19;19845;CIENCIAS SOCIALES, PERIODISMO E INFORMACIÓN;1
20;20001;ADMINISTRACIÓN DE EMPRESAS Y DERECHO;8254
20;20001;AGROPECUARIO, SILVICULTURA, PESCA Y VETERINARIA;473
20;20001;ARTE Y HUMANIDADES;333
20;20001;CIENCIAS NATURALES, MATEMÁTICAS Y ESTADÍSTICA;817
20;20001;CIENCIAS SOCIALES, PERIODISMO E INFORMACIÓN;3202
20;20001;EDUCACIÓN;5200
20;20001;INGENIERÍA, INDUSTRIA Y CONSTRUCCIÓN;5696
20;20001;SALUD Y BIENESTAR;1825
20;20001;SERVICIOS;579
20;20001;TECNOLOGÍAS DE LA INFORMACIÓN Y LA COMUNICACIÓN (TIC);1114
20;20011;ADMINISTRACIÓN DE EMPRESAS Y DERECHO;1804
20;20011;AGROPECUARIO, SILVICULTURA, PESCA Y VETERINARIA;232
20;20011;CIENCIAS SOCIALES, PERIODISMO E INFORMACIÓN;296
20;20011;EDUCACIÓN;9
20;20011;INGENIERÍA, INDUSTRIA Y CONSTRUCCIÓN;462
20;20011;SALUD Y BIENESTAR;3
20;20011;SERVICIOS;90
20;20011;TECNOLOGÍAS DE LA INFORMACIÓN Y LA COMUNICACIÓN (TIC);148
20;20013;ADMINISTRACIÓN DE EMPRESAS Y DERECHO;5
20;20013;CIENCIAS SOCIALES, PERIODISMO E INFORMACIÓN;2
20;20013;EDUCACIÓN;3
20;20013;INGENIERÍA, INDUSTRIA Y CONSTRUCCIÓN;7
20;20032;CIENCIAS SOCIALES, PERIODISMO E INFORMACIÓN;3
20;20060;ADMINISTRACIÓN DE EMPRESAS Y DERECHO;41
20;20060;CIENCIAS SOCIALES, PERIODISMO E INFORMACIÓN;58
20;20060;INGENIERÍA, INDUSTRIA Y CONSTRUCCIÓN;2
20;20060;SALUD Y BIENESTAR;1
20;20178;ADMINISTRACIÓN DE EMPRESAS Y DERECHO;2
20;20178;CIENCIAS SOCIALES, PERIODISMO E INFORMACIÓN;1
20;20228;ADMINISTRACIÓN DE EMPRESAS Y DERECHO;47
20;20228;AGROPECUARIO, SILVICULTURA, PESCA Y VETERINARIA;5
20;20228;CIENCIAS SOCIALES, PERIODISMO E INFORMACIÓN;71
20;20228;EDUCACIÓN;17
20;20228;INGENIERÍA, INDUSTRIA Y CONSTRUCCIÓN;24
20;20228;SALUD Y BIENESTAR;7
20;20228;TECNOLOGÍAS DE LA INFORMACIÓN Y LA COMUNICACIÓN (TIC);1
20;20238;INGENIERÍA, INDUSTRIA Y CONSTRUCCIÓN;2
20;20250;ADMINISTRACIÓN DE EMPRESAS Y DERECHO;1
20;20250;INGENIERÍA, INDUSTRIA Y CONSTRUCCIÓN;3
20;20383;INGENIERÍA, INDUSTRIA Y CONSTRUCCIÓN;1
20;20400;ADMINISTRACIÓN DE EMPRESAS Y DERECHO;2
20;20400;CIENCIAS SOCIALES, PERIODISMO E INFORMACIÓN;3
20;20400;INGENIERÍA, INDUSTRIA Y CONSTRUCCIÓN;6
20;20400;SALUD Y BIENESTAR;1
20;20443;CIENCIAS SOCIALES, PERIODISMO E INFORMACIÓN;1
20;20443;INGENIERÍA, INDUSTRIA Y CONSTRUCCIÓN;1
20;20517;CIENCIAS SOCIALES, PERIODISMO E INFORMACIÓN;2
20;20517;INGENIERÍA, INDUSTRIA Y CONSTRUCCIÓN;2
20;20550;CIENCIAS SOCIALES, PERIODISMO E INFORMACIÓN;1
20;20570;ADMINISTRACIÓN DE EMPRESAS Y DERECHO;1
20;20570;EDUCACIÓN;1
20;20621;ADMINISTRACIÓN DE EMPRESAS Y DERECHO;3
20;20621;CIENCIAS SOCIALES, PERIODISMO E INFORMACIÓN;1
20;20710;ADMINISTRACIÓN DE EMPRESAS Y DERECHO;1
20;20710;AGROPECUARIO, SILVICULTURA, PESCA Y VETERINARIA;9
20;20710;INGENIERÍA, INDUSTRIA Y CONSTRUCCIÓN;1
20;20750;ADMINISTRACIÓN DE EMPRESAS Y DERECHO;2
20;20770;CIENCIAS SOCIALES, PERIODISMO E INFORMACIÓN;1
20;20787;CIENCIAS SOCIALES, PERIODISMO E INFORMACIÓN;1
23;23001;ADMINISTRACIÓN DE EMPRESAS Y DERECHO;14618
23;23001;AGROPECUARIO, SILVICULTURA, PESCA Y VETERINARIA;1571
23;23001;ARTE Y HUMANIDADES;141
23;23001;CIENCIAS NATURALES, MATEMÁTICAS Y ESTADÍSTICA;1078
23;23001;CIENCIAS SOCIALES, PERIODISMO E INFORMACIÓN;2378
23;23001;EDUCACIÓN;2871
23;23001;INGENIERÍA, INDUSTRIA Y CONSTRUCCIÓN;5559
23;23001;SALUD Y BIENESTAR;2275
23;23001;SERVICIOS;232
23;23001;TECNOLOGÍAS DE LA INFORMACIÓN Y LA COMUNICACIÓN (TIC);422
23;23162;ADMINISTRACIÓN DE EMPRESAS Y DERECHO;737
23;23162;AGROPECUARIO, SILVICULTURA, PESCA Y VETERINARIA;3
23;23162;INGENIERÍA, INDUSTRIA Y CONSTRUCCIÓN;48
23;23162;SALUD Y BIENESTAR;63
23;23162;TECNOLOGÍAS DE LA INFORMACIÓN Y LA COMUNICACIÓN (TIC);18
23;23182;ADMINISTRACIÓN DE EMPRESAS Y DERECHO;1
23;23182;CIENCIAS SOCIALES, PERIODISMO E INFORMACIÓN;1
23;23182;EDUCACIÓN;1
23;23189;ADMINISTRACIÓN DE EMPRESAS Y DERECHO;112
23;23189;AGROPECUARIO, SILVICULTURA, PESCA Y VETERINARIA;75
23;23189;INGENIERÍA, INDUSTRIA Y CONSTRUCCIÓN;78
23;23189;SALUD Y BIENESTAR;1
23;23350;ADMINISTRACIÓN DE EMPRESAS Y DERECHO;1
23;23350;CIENCIAS SOCIALES, PERIODISMO E INFORMACIÓN;24
23;23417;ADMINISTRACIÓN DE EMPRESAS Y DERECHO;616
23;23417;CIENCIAS SOCIALES, PERIODISMO E INFORMACIÓN;1
23;23417;EDUCACIÓN;11
23;23417;INGENIERÍA, INDUSTRIA Y CONSTRUCCIÓN;104
23;23417;SALUD Y BIENESTAR;85
23;23417;SERVICIOS;12
23;23417;TECNOLOGÍAS DE LA INFORMACIÓN Y LA COMUNICACIÓN (TIC);18
23;23464;EDUCACIÓN;1
23;23464;TECNOLOGÍAS DE LA INFORMACIÓN Y LA COMUNICACIÓN (TIC);1
23;23466;ADMINISTRACIÓN DE EMPRESAS Y DERECHO;155
23;23466;INGENIERÍA, INDUSTRIA Y CONSTRUCCIÓN;2
23;23500;EDUCACIÓN;4
23;23555;ADMINISTRACIÓN DE EMPRESAS Y DERECHO;37
23;23555;EDUCACIÓN;3
23;23555;INGENIERÍA, INDUSTRIA Y CONSTRUCCIÓN;9
23;23570;CIENCIAS SOCIALES, PERIODISMO E INFORMACIÓN;1
23;23574;ADMINISTRACIÓN DE EMPRESAS Y DERECHO;19
23;23660;ADMINISTRACIÓN DE EMPRESAS Y DERECHO;325
23;23660;AGROPECUARIO, SILVICULTURA, PESCA Y VETERINARIA;14
23;23660;ARTE Y HUMANIDADES;1
23;23660;CIENCIAS SOCIALES, PERIODISMO E INFORMACIÓN;123
23;23660;EDUCACIÓN;78
23;23660;INGENIERÍA, INDUSTRIA Y CONSTRUCCIÓN;113
23;23660;SALUD Y BIENESTAR;12
23;23660;TECNOLOGÍAS DE LA INFORMACIÓN Y LA COMUNICACIÓN (TIC);12
23;23670;CIENCIAS SOCIALES, PERIODISMO E INFORMACIÓN;1
23;23672;SERVICIOS;12
23;23675;ADMINISTRACIÓN DE EMPRESAS Y DERECHO;33
23;23675;CIENCIAS SOCIALES, PERIODISMO E INFORMACIÓN;1
23;23686;ADMINISTRACIÓN DE EMPRESAS Y DERECHO;43
23;23686;INGENIERÍA, INDUSTRIA Y CONSTRUCCIÓN;1
23;23807;ADMINISTRACIÓN DE EMPRESAS Y DERECHO;77
23;23807;AGROPECUARIO, SILVICULTURA, PESCA Y VETERINARIA;1
23;23807;CIENCIAS SOCIALES, PERIODISMO E INFORMACIÓN;69
23;23807;EDUCACIÓN;1
23;23807;INGENIERÍA, INDUSTRIA Y CONSTRUCCIÓN;2
23;23815;ADMINISTRACIÓN DE EMPRESAS Y DERECHO;21
23;23815;CIENCIAS SOCIALES, PERIODISMO E INFORMACIÓN;11
23;23815;EDUCACIÓN;1
23;23855;CIENCIAS SOCIALES, PERIODISMO E INFORMACIÓN;10
25;25040;ADMINISTRACIÓN DE EMPRESAS Y DERECHO;1
25;25040;CIENCIAS SOCIALES, PERIODISMO E INFORMACIÓN;1
25;25053;ADMINISTRACIÓN DE EMPRESAS Y DERECHO;2
25;25053;CIENCIAS SOCIALES, PERIODISMO E INFORMACIÓN;3
25;25053;INGENIERÍA, INDUSTRIA Y CONSTRUCCIÓN;1
25;25099;ADMINISTRACIÓN DE EMPRESAS Y DERECHO;1
25;25099;CIENCIAS SOCIALES, PERIODISMO E INFORMACIÓN;1
25;25123;ADMINISTRACIÓN DE EMPRESAS Y DERECHO;1
25;25123;INGENIERÍA, INDUSTRIA Y CONSTRUCCIÓN;3
25;25126;ADMINISTRACIÓN DE EMPRESAS Y DERECHO;3213
25;25126;AGROPECUARIO, SILVICULTURA, PESCA Y VETERINARIA;99
25;25126;ARTE Y HUMANIDADES;24
25;25126;CIENCIAS NATURALES, MATEMÁTICAS Y ESTADÍSTICA;94
25;25126;CIENCIAS SOCIALES, PERIODISMO E INFORMACIÓN;392
25;25126;EDUCACIÓN;79
25;25126;INGENIERÍA, INDUSTRIA Y CONSTRUCCIÓN;782
25;25126;SALUD Y BIENESTAR;149
25;25151;ADMINISTRACIÓN DE EMPRESAS Y DERECHO;2
25;25151;EDUCACIÓN;28
25;25154;INGENIERÍA, INDUSTRIA Y CONSTRUCCIÓN;1
25;25175;ADMINISTRACIÓN DE EMPRESAS Y DERECHO;11486
25;25175;AGROPECUARIO, SILVICULTURA, PESCA Y VETERINARIA;69
25;25175;ARTE Y HUMANIDADES;663
25;25175;CIENCIAS NATURALES, MATEMÁTICAS Y ESTADÍSTICA;64
25;25175;CIENCIAS SOCIALES, PERIODISMO E INFORMACIÓN;3292
25;25175;EDUCACIÓN;1825
25;25175;INGENIERÍA, INDUSTRIA Y CONSTRUCCIÓN;3423
25;25175;SALUD Y BIENESTAR;2121
25;25175;SERVICIOS;1019
25;25175;TECNOLOGÍAS DE LA INFORMACIÓN Y LA COMUNICACIÓN (TIC);987
25;25178;ADMINISTRACIÓN DE EMPRESAS Y DERECHO;23
25;25178;AGROPECUARIO, SILVICULTURA, PESCA Y VETERINARIA;1
25;25178;CIENCIAS SOCIALES, PERIODISMO E INFORMACIÓN;1
25;25178;EDUCACIÓN;3
25;25178;INGENIERÍA, INDUSTRIA Y CONSTRUCCIÓN;6
25;25181;CIENCIAS SOCIALES, PERIODISMO E INFORMACIÓN;1
25;25183;CIENCIAS SOCIALES, PERIODISMO E INFORMACIÓN;1
25;25200;ADMINISTRACIÓN DE EMPRESAS Y DERECHO;2
25;25200;EDUCACIÓN;5
25;25200;INGENIERÍA, INDUSTRIA Y CONSTRUCCIÓN;2
25;25214;CIENCIAS SOCIALES, PERIODISMO E INFORMACIÓN;2
25;25214;INGENIERÍA, INDUSTRIA Y CONSTRUCCIÓN;1
25;25245;ADMINISTRACIÓN DE EMPRESAS Y DERECHO;50
25;25245;AGROPECUARIO, SILVICULTURA, PESCA Y VETERINARIA;40
25;25245;CIENCIAS SOCIALES, PERIODISMO E INFORMACIÓN;1
25;25245;INGENIERÍA, INDUSTRIA Y CONSTRUCCIÓN;1
25;25260;EDUCACIÓN;1
25;25260;INGENIERÍA, INDUSTRIA Y CONSTRUCCIÓN;3
25;25269;ADMINISTRACIÓN DE EMPRESAS Y DERECHO;2133
25;25269;AGROPECUARIO, SILVICULTURA, PESCA Y VETERINARIA;409
25;25269;ARTE Y HUMANIDADES;3
25;25269;CIENCIAS SOCIALES, PERIODISMO E INFORMACIÓN;687
25;25269;EDUCACIÓN;196
25;25269;INGENIERÍA, INDUSTRIA Y CONSTRUCCIÓN;1098
25;25269;SALUD Y BIENESTAR;16
25;25269;SERVICIOS;2475
25;25269;TECNOLOGÍAS DE LA INFORMACIÓN Y LA COMUNICACIÓN (TIC);192
25;25286;ADMINISTRACIÓN DE EMPRESAS Y DERECHO;164
25;25286;CIENCIAS SOCIALES, PERIODISMO E INFORMACIÓN;1
25;25286;INGENIERÍA, INDUSTRIA Y CONSTRUCCIÓN;6
25;25290;ADMINISTRACIÓN DE EMPRESAS Y DERECHO;3770
25;25290;AGROPECUARIO, SILVICULTURA, PESCA Y VETERINARIA;600
25;25290;ARTE Y HUMANIDADES;2
25;25290;CIENCIAS NATURALES, MATEMÁTICAS Y ESTADÍSTICA;349
25;25290;CIENCIAS SOCIALES, PERIODISMO E INFORMACIÓN;389
25;25290;EDUCACIÓN;1168
25;25290;INGENIERÍA, INDUSTRIA Y CONSTRUCCIÓN;604
25;25290;SALUD Y BIENESTAR;72
25;25290;SERVICIOS;2941
25;25290;TECNOLOGÍAS DE LA INFORMACIÓN Y LA COMUNICACIÓN (TIC);482
25;25293;INGENIERÍA, INDUSTRIA Y CONSTRUCCIÓN;1
25;25295;ADMINISTRACIÓN DE EMPRESAS Y DERECHO;1
25;25297;ADMINISTRACIÓN DE EMPRESAS Y DERECHO;66
25;25297;AGROPECUARIO, SILVICULTURA, PESCA Y VETERINARIA;23
25;25297;CIENCIAS SOCIALES, PERIODISMO E INFORMACIÓN;49
25;25297;EDUCACIÓN;15
25;25297;INGENIERÍA, INDUSTRIA Y CONSTRUCCIÓN;73
25;25297;SALUD Y BIENESTAR;11
25;25297;TECNOLOGÍAS DE LA INFORMACIÓN Y LA COMUNICACIÓN (TIC);1
25;25299;INGENIERÍA, INDUSTRIA Y CONSTRUCCIÓN;1
25;25307;ADMINISTRACIÓN DE EMPRESAS Y DERECHO;3909
25;25307;AGROPECUARIO, SILVICULTURA, PESCA Y VETERINARIA;16
25;25307;ARTE Y HUMANIDADES;121
25;25307;CIENCIAS NATURALES, MATEMÁTICAS Y ESTADÍSTICA;21
25;25307;CIENCIAS SOCIALES, PERIODISMO E INFORMACIÓN;612
25;25307;EDUCACIÓN;466
25;25307;INGENIERÍA, INDUSTRIA Y CONSTRUCCIÓN;2166
25;25307;SALUD Y BIENESTAR;341
25;25307;SERVICIOS;183
25;25307;TECNOLOGÍAS DE LA INFORMACIÓN Y LA COMUNICACIÓN (TIC);326
25;25312;ADMINISTRACIÓN DE EMPRESAS Y DERECHO;3
25;25320;ADMINISTRACIÓN DE EMPRESAS Y DERECHO;1
25;25320;INGENIERÍA, INDUSTRIA Y CONSTRUCCIÓN;2
25;25322;ADMINISTRACIÓN DE EMPRESAS Y DERECHO;1
25;25322;CIENCIAS SOCIALES, PERIODISMO E INFORMACIÓN;1
25;25324;ARTE Y HUMANIDADES;7
25;25328;ADMINISTRACIÓN DE EMPRESAS Y DERECHO;1
25;25335;AGROPECUARIO, SILVICULTURA, PESCA Y VETERINARIA;1
25;25372;AGROPECUARIO, SILVICULTURA, PESCA Y VETERINARIA;1
25;25372;CIENCIAS SOCIALES, PERIODISMO E INFORMACIÓN;1
25;25372;INGENIERÍA, INDUSTRIA Y CONSTRUCCIÓN;2
25;25377;CIENCIAS SOCIALES, PERIODISMO E INFORMACIÓN;2
25;25377;EDUCACIÓN;1
25;25386;ADMINISTRACIÓN DE EMPRESAS Y DERECHO;143
25;25386;INGENIERÍA, INDUSTRIA Y CONSTRUCCIÓN;1
25;25394;SERVICIOS;1
25;25407;ADMINISTRACIÓN DE EMPRESAS Y DERECHO;1
25;25426;AGROPECUARIO, SILVICULTURA, PESCA Y VETERINARIA;1
25;25430;ADMINISTRACIÓN DE EMPRESAS Y DERECHO;729
25;25430;CIENCIAS NATURALES, MATEMÁTICAS Y ESTADÍSTICA;1
25;25430;EDUCACIÓN;5
25;25430;INGENIERÍA, INDUSTRIA Y CONSTRUCCIÓN;448
25;25430;SALUD Y BIENESTAR;4
25;25430;SERVICIOS;419
25;25430;TECNOLOGÍAS DE LA INFORMACIÓN Y LA COMUNICACIÓN (TIC);8
25;25438;SALUD Y BIENESTAR;1
25;25473;ADMINISTRACIÓN DE EMPRESAS Y DERECHO;2714
25;25473;AGROPECUARIO, SILVICULTURA, PESCA Y VETERINARIA;796
25;25473;CIENCIAS NATURALES, MATEMÁTICAS Y ESTADÍSTICA;287
25;25473;CIENCIAS SOCIALES, PERIODISMO E INFORMACIÓN;243
25;25473;EDUCACIÓN;332
25;25473;INGENIERÍA, INDUSTRIA Y CONSTRUCCIÓN;250
25;25473;SALUD Y BIENESTAR;1
25;25473;SERVICIOS;59
25;25473;TECNOLOGÍAS DE LA INFORMACIÓN Y LA COMUNICACIÓN (TIC);620
25;25486;ADMINISTRACIÓN DE EMPRESAS Y DERECHO;1
25;25488;ADMINISTRACIÓN DE EMPRESAS Y DERECHO;6068
25;25488;SERVICIOS;6270
25;25489;SALUD Y BIENESTAR;1
25;25491;EDUCACIÓN;3
25;25513;ADMINISTRACIÓN DE EMPRESAS Y DERECHO;1
25;25513;AGROPECUARIO, SILVICULTURA, PESCA Y VETERINARIA;42
25;25513;SALUD Y BIENESTAR;1
25;25513;TECNOLOGÍAS DE LA INFORMACIÓN Y LA COMUNICACIÓN (TIC);42
25;25524;INGENIERÍA, INDUSTRIA Y CONSTRUCCIÓN;1
25;25535;CIENCIAS SOCIALES, PERIODISMO E INFORMACIÓN;1
25;25572;ADMINISTRACIÓN DE EMPRESAS Y DERECHO;1
25;25572;AGROPECUARIO, SILVICULTURA, PESCA Y VETERINARIA;1
25;25572;INGENIERÍA, INDUSTRIA Y CONSTRUCCIÓN;1
25;25594;EDUCACIÓN;9
25;25612;INGENIERÍA, INDUSTRIA Y CONSTRUCCIÓN;1
25;25662;ADMINISTRACIÓN DE EMPRESAS Y DERECHO;1
25;25718;INGENIERÍA, INDUSTRIA Y CONSTRUCCIÓN;1
25;25736;ADMINISTRACIÓN DE EMPRESAS Y DERECHO;1
25;25740;ADMINISTRACIÓN DE EMPRESAS Y DERECHO;1
25;25740;CIENCIAS SOCIALES, PERIODISMO E INFORMACIÓN;1
25;25740;EDUCACIÓN;266
25;25740;INGENIERÍA, INDUSTRIA Y CONSTRUCCIÓN;2
25;25740;SALUD Y BIENESTAR;56
25;25740;SERVICIOS;306
25;25743;ADMINISTRACIÓN DE EMPRESAS Y DERECHO;1
25;25743;CIENCIAS SOCIALES, PERIODISMO E INFORMACIÓN;2
25;25745;EDUCACIÓN;10
25;25754;ADMINISTRACIÓN DE EMPRESAS Y DERECHO;5527
25;25754;AGROPECUARIO, SILVICULTURA, PESCA Y VETERINARIA;3
25;25754;ARTE Y HUMANIDADES;251
25;25754;CIENCIAS NATURALES, MATEMÁTICAS Y ESTADÍSTICA;73
25;25754;CIENCIAS SOCIALES, PERIODISMO E INFORMACIÓN;879
25;25754;EDUCACIÓN;686
25;25754;INGENIERÍA, INDUSTRIA Y CONSTRUCCIÓN;1098
25;25754;SALUD Y BIENESTAR;518
25;25754;SERVICIOS;35
25;25754;TECNOLOGÍAS DE LA INFORMACIÓN Y LA COMUNICACIÓN (TIC);1084
25;25758;ADMINISTRACIÓN DE EMPRESAS Y DERECHO;1
25;25758;EDUCACIÓN;2
25;25758;INGENIERÍA, INDUSTRIA Y CONSTRUCCIÓN;2
25;25772;EDUCACIÓN;1
25;25777;CIENCIAS SOCIALES, PERIODISMO E INFORMACIÓN;1
25;25779;INGENIERÍA, INDUSTRIA Y CONSTRUCCIÓN;1
25;25785;INGENIERÍA, INDUSTRIA Y CONSTRUCCIÓN;1
25;25793;EDUCACIÓN;65
25;25797;ADMINISTRACIÓN DE EMPRESAS Y DERECHO;21
25;25815;ADMINISTRACIÓN DE EMPRESAS Y DERECHO;79
25;25815;INGENIERÍA, INDUSTRIA Y CONSTRUCCIÓN;82
25;25815;TECNOLOGÍAS DE LA INFORMACIÓN Y LA COMUNICACIÓN (TIC);38
25;25817;ADMINISTRACIÓN DE EMPRESAS Y DERECHO;4
25;25817;CIENCIAS SOCIALES, PERIODISMO E INFORMACIÓN;3
25;25817;INGENIERÍA, INDUSTRIA Y CONSTRUCCIÓN;3
25;25823;SALUD Y BIENESTAR;1
25;25839;AGROPECUARIO, SILVICULTURA, PESCA Y VETERINARIA;1
25;25843;ADMINISTRACIÓN DE EMPRESAS Y DERECHO;774
25;25843;AGROPECUARIO, SILVICULTURA, PESCA Y VETERINARIA;44
25;25843;CIENCIAS SOCIALES, PERIODISMO E INFORMACIÓN;2
25;25843;INGENIERÍA, INDUSTRIA Y CONSTRUCCIÓN;3
25;25843;TECNOLOGÍAS DE LA INFORMACIÓN Y LA COMUNICACIÓN (TIC);51
25;25845;ADMINISTRACIÓN DE EMPRESAS Y DERECHO;1
25;25862;ADMINISTRACIÓN DE EMPRESAS Y DERECHO;2
25;25873;ADMINISTRACIÓN DE EMPRESAS Y DERECHO;1
25;25873;SERVICIOS;1
25;25875;ADMINISTRACIÓN DE EMPRESAS Y DERECHO;1009
25;25875;AGROPECUARIO, SILVICULTURA, PESCA Y VETERINARIA;52
25;25875;ARTE Y HUMANIDADES;11
25;25875;CIENCIAS NATURALES, MATEMÁTICAS Y ESTADÍSTICA;198
25;25875;INGENIERÍA, INDUSTRIA Y CONSTRUCCIÓN;314
25;25875;SALUD Y BIENESTAR;1
25;25875;SERVICIOS;841
25;25875;TECNOLOGÍAS DE LA INFORMACIÓN Y LA COMUNICACIÓN (TIC);288
25;25898;ADMINISTRACIÓN DE EMPRESAS Y DERECHO;1
25;25899;ADMINISTRACIÓN DE EMPRESAS Y DERECHO;930
25;25899;AGROPECUARIO, SILVICULTURA, PESCA Y VETERINARIA;178
25;25899;ARTE Y HUMANIDADES;131
25;25899;CIENCIAS SOCIALES, PERIODISMO E INFORMACIÓN;197
25;25899;EDUCACIÓN;142
25;25899;INGENIERÍA, INDUSTRIA Y CONSTRUCCIÓN;603
25;25899;SALUD Y BIENESTAR;33
25;25899;SERVICIOS;3
25;25899;TECNOLOGÍAS DE LA INFORMACIÓN Y LA COMUNICACIÓN (TIC);67
27;27001;ADMINISTRACIÓN DE EMPRESAS Y DERECHO;3111
27;27001;AGROPECUARIO, SILVICULTURA, PESCA Y VETERINARIA;199
27;27001;ARTE Y HUMANIDADES;76
27;27001;CIENCIAS NATURALES, MATEMÁTICAS Y ESTADÍSTICA;176
27;27001;CIENCIAS SOCIALES, PERIODISMO E INFORMACIÓN;2420
27;27001;EDUCACIÓN;2989
27;27001;INGENIERÍA, INDUSTRIA Y CONSTRUCCIÓN;978
27;27001;SALUD Y BIENESTAR;234
27;27001;SERVICIOS;509
27;27001;TECNOLOGÍAS DE LA INFORMACIÓN Y LA COMUNICACIÓN (TIC);139
27;27006;INGENIERÍA, INDUSTRIA Y CONSTRUCCIÓN;1
27;27025;ADMINISTRACIÓN DE EMPRESAS Y DERECHO;1
27;27050;SERVICIOS;174
27;27073;AGROPECUARIO, SILVICULTURA, PESCA Y VETERINARIA;1
27;27150;AGROPECUARIO, SILVICULTURA, PESCA Y VETERINARIA;1
27;27150;SALUD Y BIENESTAR;1
27;27245;EDUCACIÓN;1
27;27250;ADMINISTRACIÓN DE EMPRESAS Y DERECHO;1
27;27250;EDUCACIÓN;8
27;27361;ADMINISTRACIÓN DE EMPRESAS Y DERECHO;44
27;27361;CIENCIAS SOCIALES, PERIODISMO E INFORMACIÓN;15
27;27361;EDUCACIÓN;6
27;27413;ADMINISTRACIÓN DE EMPRESAS Y DERECHO;1
27;27491;AGROPECUARIO, SILVICULTURA, PESCA Y VETERINARIA;1
27;27660;AGROPECUARIO, SILVICULTURA, PESCA Y VETERINARIA;1
27;27787;AGROPECUARIO, SILVICULTURA, PESCA Y VETERINARIA;1
27;27787;CIENCIAS SOCIALES, PERIODISMO E INFORMACIÓN;1
41;41001;ADMINISTRACIÓN DE EMPRESAS Y DERECHO;9729
41;41001;AGROPECUARIO, SILVICULTURA, PESCA Y VETERINARIA;401
41;41001;ARTE Y HUMANIDADES;181
41;41001;CIENCIAS NATURALES, MATEMÁTICAS Y ESTADÍSTICA;391
41;41001;CIENCIAS SOCIALES, PERIODISMO E INFORMACIÓN;1761
41;41001;EDUCACIÓN;2794
41;41001;INGENIERÍA, INDUSTRIA Y CONSTRUCCIÓN;6422
41;41001;SALUD Y BIENESTAR;1846
41;41001;SERVICIOS;51
41;41001;TECNOLOGÍAS DE LA INFORMACIÓN Y LA COMUNICACIÓN (TIC);773
41;41006;ADMINISTRACIÓN DE EMPRESAS Y DERECHO;23
41;41006;INGENIERÍA, INDUSTRIA Y CONSTRUCCIÓN;3
41;41013;ADMINISTRACIÓN DE EMPRESAS Y DERECHO;1
41;41013;CIENCIAS SOCIALES, PERIODISMO E INFORMACIÓN;1
41;41020;ADMINISTRACIÓN DE EMPRESAS Y DERECHO;45
41;41020;INGENIERÍA, INDUSTRIA Y CONSTRUCCIÓN;1
41;41026;ADMINISTRACIÓN DE EMPRESAS Y DERECHO;3
41;41078;ADMINISTRACIÓN DE EMPRESAS Y DERECHO;1
41;41132;ADMINISTRACIÓN DE EMPRESAS Y DERECHO;175
41;41132;AGROPECUARIO, SILVICULTURA, PESCA Y VETERINARIA;510
41;41132;CIENCIAS NATURALES, MATEMÁTICAS Y ESTADÍSTICA;226
41;41132;CIENCIAS SOCIALES, PERIODISMO E INFORMACIÓN;2
41;41132;INGENIERÍA, INDUSTRIA Y CONSTRUCCIÓN;155
41;41132;SERVICIOS;120
41;41132;TECNOLOGÍAS DE LA INFORMACIÓN Y LA COMUNICACIÓN (TIC);97
41;41298;ADMINISTRACIÓN DE EMPRESAS Y DERECHO;1057
41;41298;AGROPECUARIO, SILVICULTURA, PESCA Y VETERINARIA;281
41;41298;CIENCIAS NATURALES, MATEMÁTICAS Y ESTADÍSTICA;247
41;41298;CIENCIAS SOCIALES, PERIODISMO E INFORMACIÓN;169
41;41298;EDUCACIÓN;4
41;41298;INGENIERÍA, INDUSTRIA Y CONSTRUCCIÓN;23
41;41298;SERVICIOS;1
41;41298;TECNOLOGÍAS DE LA INFORMACIÓN Y LA COMUNICACIÓN (TIC);330
41;41306;ADMINISTRACIÓN DE EMPRESAS Y DERECHO;35
41;41306;AGROPECUARIO, SILVICULTURA, PESCA Y VETERINARIA;3
41;41306;INGENIERÍA, INDUSTRIA Y CONSTRUCCIÓN;1
41;41306;SALUD Y BIENESTAR;1
41;41319;ADMINISTRACIÓN DE EMPRESAS Y DERECHO;4
41;41319;EDUCACIÓN;1
41;41319;SALUD Y BIENESTAR;1
41;41359;AGROPECUARIO, SILVICULTURA, PESCA Y VETERINARIA;1
41;41378;INGENIERÍA, INDUSTRIA Y CONSTRUCCIÓN;1
41;41396;ADMINISTRACIÓN DE EMPRESAS Y DERECHO;912
41;41396;AGROPECUARIO, SILVICULTURA, PESCA Y VETERINARIA;205
41;41396;ARTE Y HUMANIDADES;6
41;41396;CIENCIAS NATURALES, MATEMÁTICAS Y ESTADÍSTICA;133
41;41396;CIENCIAS SOCIALES, PERIODISMO E INFORMACIÓN;165
41;41396;EDUCACIÓN;21
41;41396;INGENIERÍA, INDUSTRIA Y CONSTRUCCIÓN;172
41;41396;SALUD Y BIENESTAR;6
41;41396;SERVICIOS;38
41;41396;TECNOLOGÍAS DE LA INFORMACIÓN Y LA COMUNICACIÓN (TIC);167
41;41483;CIENCIAS SOCIALES, PERIODISMO E INFORMACIÓN;1
41;41503;INGENIERÍA, INDUSTRIA Y CONSTRUCCIÓN;1
41;41503;SALUD Y BIENESTAR;1
41;41518;CIENCIAS NATURALES, MATEMÁTICAS Y ESTADÍSTICA;1
41;41524;AGROPECUARIO, SILVICULTURA, PESCA Y VETERINARIA;1
41;41524;INGENIERÍA, INDUSTRIA Y CONSTRUCCIÓN;2
41;41530;ADMINISTRACIÓN DE EMPRESAS Y DERECHO;1
41;41548;AGROPECUARIO, SILVICULTURA, PESCA Y VETERINARIA;2
41;41551;ADMINISTRACIÓN DE EMPRESAS Y DERECHO;2487
41;41551;AGROPECUARIO, SILVICULTURA, PESCA Y VETERINARIA;386
41;41551;ARTE Y HUMANIDADES;37
41;41551;CIENCIAS NATURALES, MATEMÁTICAS Y ESTADÍSTICA;289
41;41551;CIENCIAS SOCIALES, PERIODISMO E INFORMACIÓN;184
41;41551;EDUCACIÓN;175
41;41551;INGENIERÍA, INDUSTRIA Y CONSTRUCCIÓN;581
41;41551;SALUD Y BIENESTAR;52
41;41551;SERVICIOS;75
41;41551;TECNOLOGÍAS DE LA INFORMACIÓN Y LA COMUNICACIÓN (TIC);226
41;41615;ADMINISTRACIÓN DE EMPRESAS Y DERECHO;71
41;41615;AGROPECUARIO, SILVICULTURA, PESCA Y VETERINARIA;2
41;41615;INGENIERÍA, INDUSTRIA Y CONSTRUCCIÓN;939
41;41615;SERVICIOS;105
41;41615;TECNOLOGÍAS DE LA INFORMACIÓN Y LA COMUNICACIÓN (TIC);324
41;41660;ADMINISTRACIÓN DE EMPRESAS Y DERECHO;2
41;41660;INGENIERÍA, INDUSTRIA Y CONSTRUCCIÓN;1
41;41668;ADMINISTRACIÓN DE EMPRESAS Y DERECHO;15
41;41668;AGROPECUARIO, SILVICULTURA, PESCA Y VETERINARIA;1
41;41668;SALUD Y BIENESTAR;1
41;41770;SALUD Y BIENESTAR;1
41;41791;AGROPECUARIO, SILVICULTURA, PESCA Y VETERINARIA;1
41;41797;CIENCIAS SOCIALES, PERIODISMO E INFORMACIÓN;1
41;41797;INGENIERÍA, INDUSTRIA Y CONSTRUCCIÓN;3
41;41799;AGROPECUARIO, SILVICULTURA, PESCA Y VETERINARIA;1
41;41799;CIENCIAS SOCIALES, PERIODISMO E INFORMACIÓN;1
41;41801;INGENIERÍA, INDUSTRIA Y CONSTRUCCIÓN;1
41;41807;AGROPECUARIO, SILVICULTURA, PESCA Y VETERINARIA;1
41;41807;INGENIERÍA, INDUSTRIA Y CONSTRUCCIÓN;2
41;41872;INGENIERÍA, INDUSTRIA Y CONSTRUCCIÓN;1
41;41885;INGENIERÍA, INDUSTRIA Y CONSTRUCCIÓN;1
44;44001;ADMINISTRACIÓN DE EMPRESAS Y DERECHO;3694
44;44001;AGROPECUARIO, SILVICULTURA, PESCA Y VETERINARIA;82
44;44001;ARTE Y HUMANIDADES;1
44;44001;CIENCIAS NATURALES, MATEMÁTICAS Y ESTADÍSTICA;110
44;44001;CIENCIAS SOCIALES, PERIODISMO E INFORMACIÓN;1455
44;44001;EDUCACIÓN;1780
44;44001;INGENIERÍA, INDUSTRIA Y CONSTRUCCIÓN;1976
44;44001;SALUD Y BIENESTAR;15
44;44001;SERVICIOS;140
44;44001;TECNOLOGÍAS DE LA INFORMACIÓN Y LA COMUNICACIÓN (TIC);121
44;44035;ADMINISTRACIÓN DE EMPRESAS Y DERECHO;13
44;44035;INGENIERÍA, INDUSTRIA Y CONSTRUCCIÓN;2
44;44078;INGENIERÍA, INDUSTRIA Y CONSTRUCCIÓN;2
44;44078;SALUD Y BIENESTAR;2
44;44098;ADMINISTRACIÓN DE EMPRESAS Y DERECHO;2
44;44098;EDUCACIÓN;2
44;44279;ADMINISTRACIÓN DE EMPRESAS Y DERECHO;564
44;44279;AGROPECUARIO, SILVICULTURA, PESCA Y VETERINARIA;218
44;44279;ARTE Y HUMANIDADES;31
44;44279;CIENCIAS NATURALES, MATEMÁTICAS Y ESTADÍSTICA;47
44;44279;CIENCIAS SOCIALES, PERIODISMO E INFORMACIÓN;423
44;44279;EDUCACIÓN;399
44;44279;INGENIERÍA, INDUSTRIA Y CONSTRUCCIÓN;1120
44;44279;SALUD Y BIENESTAR;1
44;44279;SERVICIOS;455
44;44279;TECNOLOGÍAS DE LA INFORMACIÓN Y LA COMUNICACIÓN (TIC);86
44;44378;ADMINISTRACIÓN DE EMPRESAS Y DERECHO;1
44;44430;ADMINISTRACIÓN DE EMPRESAS Y DERECHO;703
44;44430;CIENCIAS SOCIALES, PERIODISMO E INFORMACIÓN;188
44;44430;EDUCACIÓN;759
44;44430;INGENIERÍA, INDUSTRIA Y CONSTRUCCIÓN;66
44;44430;SALUD Y BIENESTAR;1
44;44560;EDUCACIÓN;340
44;44650;ADMINISTRACIÓN DE EMPRESAS Y DERECHO;137
44;44650;AGROPECUARIO, SILVICULTURA, PESCA Y VETERINARIA;1
44;44650;CIENCIAS NATURALES, MATEMÁTICAS Y ESTADÍSTICA;33
44;44650;CIENCIAS SOCIALES, PERIODISMO E INFORMACIÓN;1
44;44650;INGENIERÍA, INDUSTRIA Y CONSTRUCCIÓN;228
44;44650;TECNOLOGÍAS DE LA INFORMACIÓN Y LA COMUNICACIÓN (TIC);31
44;44847;ADMINISTRACIÓN DE EMPRESAS Y DERECHO;7
44;44847;CIENCIAS SOCIALES, PERIODISMO E INFORMACIÓN;15
44;44847;SERVICIOS;226
44;44855;ADMINISTRACIÓN DE EMPRESAS Y DERECHO;1
44;44855;ARTE Y HUMANIDADES;1
44;44855;SALUD Y BIENESTAR;1
44;44874;ADMINISTRACIÓN DE EMPRESAS Y DERECHO;310
44;44874;CIENCIAS SOCIALES, PERIODISMO E INFORMACIÓN;167
44;44874;EDUCACIÓN;200
44;44874;INGENIERÍA, INDUSTRIA Y CONSTRUCCIÓN;2
47;47001;ADMINISTRACIÓN DE EMPRESAS Y DERECHO;15274
47;47001;AGROPECUARIO, SILVICULTURA, PESCA Y VETERINARIA;935
47;47001;ARTE Y HUMANIDADES;694
47;47001;CIENCIAS NATURALES, MATEMÁTICAS Y ESTADÍSTICA;410
47;47001;CIENCIAS SOCIALES, PERIODISMO E INFORMACIÓN;2831
47;47001;EDUCACIÓN;3537
47;47001;INGENIERÍA, INDUSTRIA Y CONSTRUCCIÓN;3983
47;47001;SALUD Y BIENESTAR;2653
47;47001;SERVICIOS;2230
47;47001;TECNOLOGÍAS DE LA INFORMACIÓN Y LA COMUNICACIÓN (TIC);841
47;47058;EDUCACIÓN;1
47;47189;ADMINISTRACIÓN DE EMPRESAS Y DERECHO;538
47;47189;AGROPECUARIO, SILVICULTURA, PESCA Y VETERINARIA;65
47;47189;CIENCIAS SOCIALES, PERIODISMO E INFORMACIÓN;186
47;47189;INGENIERÍA, INDUSTRIA Y CONSTRUCCIÓN;383
47;47189;SALUD Y BIENESTAR;34
47;47189;SERVICIOS;149
47;47189;TECNOLOGÍAS DE LA INFORMACIÓN Y LA COMUNICACIÓN (TIC);200
47;47245;ADMINISTRACIÓN DE EMPRESAS Y DERECHO;117
47;47245;AGROPECUARIO, SILVICULTURA, PESCA Y VETERINARIA;2
47;47245;CIENCIAS SOCIALES, PERIODISMO E INFORMACIÓN;24
47;47245;EDUCACIÓN;8
47;47245;INGENIERÍA, INDUSTRIA Y CONSTRUCCIÓN;6
47;47245;SALUD Y BIENESTAR;1
47;47245;TECNOLOGÍAS DE LA INFORMACIÓN Y LA COMUNICACIÓN (TIC);2
47;47288;ADMINISTRACIÓN DE EMPRESAS Y DERECHO;74
47;47288;CIENCIAS SOCIALES, PERIODISMO E INFORMACIÓN;1
47;47288;INGENIERÍA, INDUSTRIA Y CONSTRUCCIÓN;1
47;47288;SERVICIOS;14
47;47318;ADMINISTRACIÓN DE EMPRESAS Y DERECHO;2
47;47318;INGENIERÍA, INDUSTRIA Y CONSTRUCCIÓN;1
47;47551;ADMINISTRACIÓN DE EMPRESAS Y DERECHO;1
47;47555;ADMINISTRACIÓN DE EMPRESAS Y DERECHO;72
47;47555;AGROPECUARIO, SILVICULTURA, PESCA Y VETERINARIA;2
47;47555;CIENCIAS SOCIALES, PERIODISMO E INFORMACIÓN;19
47;47555;EDUCACIÓN;9
47;47555;INGENIERÍA, INDUSTRIA Y CONSTRUCCIÓN;7
47;47555;SALUD Y BIENESTAR;1
47;47555;TECNOLOGÍAS DE LA INFORMACIÓN Y LA COMUNICACIÓN (TIC);4
47;47570;INGENIERÍA, INDUSTRIA Y CONSTRUCCIÓN;1
47;47707;ADMINISTRACIÓN DE EMPRESAS Y DERECHO;1
47;47980;AGROPECUARIO, SILVICULTURA, PESCA Y VETERINARIA;1
50;50001;ADMINISTRACIÓN DE EMPRESAS Y DERECHO;12085
50;50001;AGROPECUARIO, SILVICULTURA, PESCA Y VETERINARIA;1381
50;50001;ARTE Y HUMANIDADES;220
50;50001;CIENCIAS NATURALES, MATEMÁTICAS Y ESTADÍSTICA;947
50;50001;CIENCIAS SOCIALES, PERIODISMO E INFORMACIÓN;2085
50;50001;EDUCACIÓN;880
50;50001;INGENIERÍA, INDUSTRIA Y CONSTRUCCIÓN;6111
50;50001;SALUD Y BIENESTAR;1680
50;50001;SERVICIOS;2221
50;50001;TECNOLOGÍAS DE LA INFORMACIÓN Y LA COMUNICACIÓN (TIC);402
50;50006;ADMINISTRACIÓN DE EMPRESAS Y DERECHO;288
50;50006;AGROPECUARIO, SILVICULTURA, PESCA Y VETERINARIA;77
50;50006;ARTE Y HUMANIDADES;3
50;50006;CIENCIAS NATURALES, MATEMÁTICAS Y ESTADÍSTICA;1
50;50006;CIENCIAS SOCIALES, PERIODISMO E INFORMACIÓN;165
50;50006;EDUCACIÓN;113
50;50006;INGENIERÍA, INDUSTRIA Y CONSTRUCCIÓN;410
50;50006;SALUD Y BIENESTAR;55
50;50006;TECNOLOGÍAS DE LA INFORMACIÓN Y LA COMUNICACIÓN (TIC);18
50;50110;ADMINISTRACIÓN DE EMPRESAS Y DERECHO;23
50;50150;ADMINISTRACIÓN DE EMPRESAS Y DERECHO;1
50;50150;INGENIERÍA, INDUSTRIA Y CONSTRUCCIÓN;2
50;50223;INGENIERÍA, INDUSTRIA Y CONSTRUCCIÓN;1
50;50226;ADMINISTRACIÓN DE EMPRESAS Y DERECHO;40
50;50226;AGROPECUARIO, SILVICULTURA, PESCA Y VETERINARIA;27
50;50226;ARTE Y HUMANIDADES;1
50;50226;CIENCIAS SOCIALES, PERIODISMO E INFORMACIÓN;16
50;50226;EDUCACIÓN;10
50;50226;INGENIERÍA, INDUSTRIA Y CONSTRUCCIÓN;39
50;50226;SALUD Y BIENESTAR;4
50;50226;SERVICIOS;1
50;50226;TECNOLOGÍAS DE LA INFORMACIÓN Y LA COMUNICACIÓN (TIC);3
50;50245;ADMINISTRACIÓN DE EMPRESAS Y DERECHO;1
50;50245;CIENCIAS SOCIALES, PERIODISMO E INFORMACIÓN;1
50;50251;CIENCIAS SOCIALES, PERIODISMO E INFORMACIÓN;1
50;50287;EDUCACIÓN;1
50;50287;INGENIERÍA, INDUSTRIA Y CONSTRUCCIÓN;1
50;50287;SALUD Y BIENESTAR;1
50;50313;ADMINISTRACIÓN DE EMPRESAS Y DERECHO;369
50;50313;AGROPECUARIO, SILVICULTURA, PESCA Y VETERINARIA;428
50;50313;CIENCIAS NATURALES, MATEMÁTICAS Y ESTADÍSTICA;76
50;50313;CIENCIAS SOCIALES, PERIODISMO E INFORMACIÓN;17
50;50313;EDUCACIÓN;40
50;50313;INGENIERÍA, INDUSTRIA Y CONSTRUCCIÓN;122
50;50313;SERVICIOS;1
50;50313;TECNOLOGÍAS DE LA INFORMACIÓN Y LA COMUNICACIÓN (TIC);42
50;50318;INGENIERÍA, INDUSTRIA Y CONSTRUCCIÓN;1
50;50325;AGROPECUARIO, SILVICULTURA, PESCA Y VETERINARIA;1
50;50350;ADMINISTRACIÓN DE EMPRESAS Y DERECHO;13
50;50350;SERVICIOS;40
50;50400;EDUCACIÓN;1
50;50450;ADMINISTRACIÓN DE EMPRESAS Y DERECHO;9
50;50568;ADMINISTRACIÓN DE EMPRESAS Y DERECHO;45
50;50568;AGROPECUARIO, SILVICULTURA, PESCA Y VETERINARIA;16
50;50568;EDUCACIÓN;1
50;50568;INGENIERÍA, INDUSTRIA Y CONSTRUCCIÓN;3
50;50573;ADMINISTRACIÓN DE EMPRESAS Y DERECHO;1
50;50590;ADMINISTRACIÓN DE EMPRESAS Y DERECHO;8
50;50606;ADMINISTRACIÓN DE EMPRESAS Y DERECHO;1
50;50606;INGENIERÍA, INDUSTRIA Y CONSTRUCCIÓN;1
50;50683;CIENCIAS SOCIALES, PERIODISMO E INFORMACIÓN;2
50;50689;ADMINISTRACIÓN DE EMPRESAS Y DERECHO;48
50;50689;CIENCIAS SOCIALES, PERIODISMO E INFORMACIÓN;22
50;50689;INGENIERÍA, INDUSTRIA Y CONSTRUCCIÓN;23
50;50711;INGENIERÍA, INDUSTRIA Y CONSTRUCCIÓN;2
52;52001;ADMINISTRACIÓN DE EMPRESAS Y DERECHO;14627
52;52001;AGROPECUARIO, SILVICULTURA, PESCA Y VETERINARIA;1179
52;52001;ARTE Y HUMANIDADES;629
52;52001;CIENCIAS NATURALES, MATEMÁTICAS Y ESTADÍSTICA;372
52;52001;CIENCIAS SOCIALES, PERIODISMO E INFORMACIÓN;3496
52;52001;EDUCACIÓN;4517
52;52001;INGENIERÍA, INDUSTRIA Y CONSTRUCCIÓN;4410
52;52001;SALUD Y BIENESTAR;4032
52;52001;SERVICIOS;294
52;52001;TECNOLOGÍAS DE LA INFORMACIÓN Y LA COMUNICACIÓN (TIC);672
52;52019;ADMINISTRACIÓN DE EMPRESAS Y DERECHO;48
52;52019;CIENCIAS SOCIALES, PERIODISMO E INFORMACIÓN;1
52;52079;EDUCACIÓN;7
52;52110;ADMINISTRACIÓN DE EMPRESAS Y DERECHO;4
52;52110;CIENCIAS SOCIALES, PERIODISMO E INFORMACIÓN;5
52;52203;CIENCIAS SOCIALES, PERIODISMO E INFORMACIÓN;1
52;52210;AGROPECUARIO, SILVICULTURA, PESCA Y VETERINARIA;1
52;52210;CIENCIAS SOCIALES, PERIODISMO E INFORMACIÓN;1
52;52210;EDUCACIÓN;1
52;52215;EDUCACIÓN;1
52;52224;AGROPECUARIO, SILVICULTURA, PESCA Y VETERINARIA;1
52;52224;EDUCACIÓN;3
52;52227;EDUCACIÓN;8
52;52227;INGENIERÍA, INDUSTRIA Y CONSTRUCCIÓN;1
52;52233;EDUCACIÓN;2
52;52240;SALUD Y BIENESTAR;1
52;52250;ADMINISTRACIÓN DE EMPRESAS Y DERECHO;2
52;52250;EDUCACIÓN;9
52;52254;AGROPECUARIO, SILVICULTURA, PESCA Y VETERINARIA;1
52;52258;EDUCACIÓN;6
52;52260;AGROPECUARIO, SILVICULTURA, PESCA Y VETERINARIA;1
52;52260;CIENCIAS SOCIALES, PERIODISMO E INFORMACIÓN;1
52;52260;SALUD Y BIENESTAR;2
52;52317;EDUCACIÓN;1
52;52320;ADMINISTRACIÓN DE EMPRESAS Y DERECHO;1
52;52320;CIENCIAS SOCIALES, PERIODISMO E INFORMACIÓN;1
52;52320;INGENIERÍA, INDUSTRIA Y CONSTRUCCIÓN;1
52;52323;ADMINISTRACIÓN DE EMPRESAS Y DERECHO;1
52;52352;EDUCACIÓN;1
52;52354;INGENIERÍA, INDUSTRIA Y CONSTRUCCIÓN;1
52;52356;ADMINISTRACIÓN DE EMPRESAS Y DERECHO;1493
52;52356;AGROPECUARIO, SILVICULTURA, PESCA Y VETERINARIA;5
52;52356;CIENCIAS SOCIALES, PERIODISMO E INFORMACIÓN;84
52;52356;EDUCACIÓN;51
52;52356;INGENIERÍA, INDUSTRIA Y CONSTRUCCIÓN;79
52;52356;SALUD Y BIENESTAR;25
52;52356;SERVICIOS;56
52;52356;TECNOLOGÍAS DE LA INFORMACIÓN Y LA COMUNICACIÓN (TIC);134
52;52378;CIENCIAS SOCIALES, PERIODISMO E INFORMACIÓN;2
52;52378;EDUCACIÓN;1
52;52378;INGENIERÍA, INDUSTRIA Y CONSTRUCCIÓN;1
52;52381;ADMINISTRACIÓN DE EMPRESAS Y DERECHO;1
52;52390;EDUCACIÓN;1
52;52399;ADMINISTRACIÓN DE EMPRESAS Y DERECHO;75
52;52399;AGROPECUARIO, SILVICULTURA, PESCA Y VETERINARIA;1
52;52399;EDUCACIÓN;1
52;52399;INGENIERÍA, INDUSTRIA Y CONSTRUCCIÓN;1
52;52399;SALUD Y BIENESTAR;1
52;52405;CIENCIAS SOCIALES, PERIODISMO E INFORMACIÓN;2
52;52411;ADMINISTRACIÓN DE EMPRESAS Y DERECHO;25
52;52411;CIENCIAS SOCIALES, PERIODISMO E INFORMACIÓN;1
52;52411;INGENIERÍA, INDUSTRIA Y CONSTRUCCIÓN;1
52;52418;SALUD Y BIENESTAR;1
52;52473;EDUCACIÓN;18
52;52480;EDUCACIÓN;2
52;52480;SALUD Y BIENESTAR;1
52;52490;EDUCACIÓN;4
52;52520;EDUCACIÓN;1
52;52540;EDUCACIÓN;2
52;52560;EDUCACIÓN;1
52;52560;INGENIERÍA, INDUSTRIA Y CONSTRUCCIÓN;1
52;52565;INGENIERÍA, INDUSTRIA Y CONSTRUCCIÓN;1
52;52573;CIENCIAS SOCIALES, PERIODISMO E INFORMACIÓN;1
52;52573;SALUD Y BIENESTAR;1
52;52585;ADMINISTRACIÓN DE EMPRESAS Y DERECHO;1
52;52585;AGROPECUARIO, SILVICULTURA, PESCA Y VETERINARIA;1
52;52612;ADMINISTRACIÓN DE EMPRESAS Y DERECHO;24
52;52612;ARTE Y HUMANIDADES;1
52;52612;EDUCACIÓN;1
52;52621;EDUCACIÓN;3
52;52678;ADMINISTRACIÓN DE EMPRESAS Y DERECHO;34
52;52683;ADMINISTRACIÓN DE EMPRESAS Y DERECHO;3
52;52683;AGROPECUARIO, SILVICULTURA, PESCA Y VETERINARIA;1
52;52683;CIENCIAS SOCIALES, PERIODISMO E INFORMACIÓN;2
52;52685;INGENIERÍA, INDUSTRIA Y CONSTRUCCIÓN;1
52;52687;AGROPECUARIO, SILVICULTURA, PESCA Y VETERINARIA;4
52;52687;EDUCACIÓN;1
52;52693;ADMINISTRACIÓN DE EMPRESAS Y DERECHO;2
52;52693;CIENCIAS SOCIALES, PERIODISMO E INFORMACIÓN;1
52;52694;CIENCIAS SOCIALES, PERIODISMO E INFORMACIÓN;1
52;52694;INGENIERÍA, INDUSTRIA Y CONSTRUCCIÓN;1
52;52696;EDUCACIÓN;1
52;52720;CIENCIAS SOCIALES, PERIODISMO E INFORMACIÓN;1
52;52786;ADMINISTRACIÓN DE EMPRESAS Y DERECHO;40
52;52786;CIENCIAS SOCIALES, PERIODISMO E INFORMACIÓN;1
52;52786;INGENIERÍA, INDUSTRIA Y CONSTRUCCIÓN;1
52;52835;ADMINISTRACIÓN DE EMPRESAS Y DERECHO;492
52;52835;AGROPECUARIO, SILVICULTURA, PESCA Y VETERINARIA;319
52;52835;CIENCIAS NATURALES, MATEMÁTICAS Y ESTADÍSTICA;34
52;52835;CIENCIAS SOCIALES, PERIODISMO E INFORMACIÓN;101
52;52835;EDUCACIÓN;249
52;52835;INGENIERÍA, INDUSTRIA Y CONSTRUCCIÓN;176
52;52835;TECNOLOGÍAS DE LA INFORMACIÓN Y LA COMUNICACIÓN (TIC);72
52;52838;ADMINISTRACIÓN DE EMPRESAS Y DERECHO;93
52;52838;CIENCIAS SOCIALES, PERIODISMO E INFORMACIÓN;6
52;52838;INGENIERÍA, INDUSTRIA Y CONSTRUCCIÓN;14
52;52838;TECNOLOGÍAS DE LA INFORMACIÓN Y LA COMUNICACIÓN (TIC);1
54;54001;ADMINISTRACIÓN DE EMPRESAS Y DERECHO;17999
54;54001;AGROPECUARIO, SILVICULTURA, PESCA Y VETERINARIA;965
54;54001;ARTE Y HUMANIDADES;1132
54;54001;CIENCIAS NATURALES, MATEMÁTICAS Y ESTADÍSTICA;975
54;54001;CIENCIAS SOCIALES, PERIODISMO E INFORMACIÓN;4516
54;54001;EDUCACIÓN;3854
54;54001;INGENIERÍA, INDUSTRIA Y CONSTRUCCIÓN;8821
54;54001;SALUD Y BIENESTAR;2118
54;54001;SERVICIOS;1768
54;54001;TECNOLOGÍAS DE LA INFORMACIÓN Y LA COMUNICACIÓN (TIC);893
54;54003;ADMINISTRACIÓN DE EMPRESAS Y DERECHO;2
54;54051;ADMINISTRACIÓN DE EMPRESAS Y DERECHO;1
54;54051;EDUCACIÓN;14
54;54109;CIENCIAS SOCIALES, PERIODISMO E INFORMACIÓN;1
54;54128;ADMINISTRACIÓN DE EMPRESAS Y DERECHO;1
54;54128;AGROPECUARIO, SILVICULTURA, PESCA Y VETERINARIA;1
54;54128;INGENIERÍA, INDUSTRIA Y CONSTRUCCIÓN;1
54;54172;INGENIERÍA, INDUSTRIA Y CONSTRUCCIÓN;1
54;54206;ADMINISTRACIÓN DE EMPRESAS Y DERECHO;1
54;54223;INGENIERÍA, INDUSTRIA Y CONSTRUCCIÓN;2
54;54239;ADMINISTRACIÓN DE EMPRESAS Y DERECHO;1
54;54239;EDUCACIÓN;20
54;54239;INGENIERÍA, INDUSTRIA Y CONSTRUCCIÓN;3
54;54250;ADMINISTRACIÓN DE EMPRESAS Y DERECHO;1
54;54261;INGENIERÍA, INDUSTRIA Y CONSTRUCCIÓN;1
54;54313;EDUCACIÓN;10
54;54377;INGENIERÍA, INDUSTRIA Y CONSTRUCCIÓN;1
54;54398;CIENCIAS SOCIALES, PERIODISMO E INFORMACIÓN;1
54;54405;AGROPECUARIO, SILVICULTURA, PESCA Y VETERINARIA;1
54;54405;INGENIERÍA, INDUSTRIA Y CONSTRUCCIÓN;3
54;54480;SALUD Y BIENESTAR;1
54;54498;ADMINISTRACIÓN DE EMPRESAS Y DERECHO;2995
54;54498;AGROPECUARIO, SILVICULTURA, PESCA Y VETERINARIA;195
54;54498;ARTE Y HUMANIDADES;38
54;54498;CIENCIAS SOCIALES, PERIODISMO E INFORMACIÓN;683
54;54498;EDUCACIÓN;122
54;54498;INGENIERÍA, INDUSTRIA Y CONSTRUCCIÓN;1636
54;54498;SALUD Y BIENESTAR;23
54;54498;TECNOLOGÍAS DE LA INFORMACIÓN Y LA COMUNICACIÓN (TIC);339
54;54518;ADMINISTRACIÓN DE EMPRESAS Y DERECHO;1324
54;54518;AGROPECUARIO, SILVICULTURA, PESCA Y VETERINARIA;651
54;54518;ARTE Y HUMANIDADES;258
54;54518;CIENCIAS NATURALES, MATEMÁTICAS Y ESTADÍSTICA;238
54;54518;CIENCIAS SOCIALES, PERIODISMO E INFORMACIÓN;1212
54;54518;EDUCACIÓN;1872
54;54518;INGENIERÍA, INDUSTRIA Y CONSTRUCCIÓN;3196
54;54518;SALUD Y BIENESTAR;1703
54;54518;SERVICIOS;6
54;54518;TECNOLOGÍAS DE LA INFORMACIÓN Y LA COMUNICACIÓN (TIC);62
54;54599;SALUD Y BIENESTAR;1
54;54660;EDUCACIÓN;12
54;54660;INGENIERÍA, INDUSTRIA Y CONSTRUCCIÓN;1
54;54673;EDUCACIÓN;20
54;54673;INGENIERÍA, INDUSTRIA Y CONSTRUCCIÓN;2
54;54800;CIENCIAS SOCIALES, PERIODISMO E INFORMACIÓN;1
54;54810;ADMINISTRACIÓN DE EMPRESAS Y DERECHO;2
54;54810;INGENIERÍA, INDUSTRIA Y CONSTRUCCIÓN;4
54;54820;INGENIERÍA, INDUSTRIA Y CONSTRUCCIÓN;1
54;54874;ADMINISTRACIÓN DE EMPRESAS Y DERECHO;906
54;54874;AGROPECUARIO, SILVICULTURA, PESCA Y VETERINARIA;62
54;54874;ARTE Y HUMANIDADES;61
54;54874;CIENCIAS NATURALES, MATEMÁTICAS Y ESTADÍSTICA;86
54;54874;CIENCIAS SOCIALES, PERIODISMO E INFORMACIÓN;1195
54;54874;EDUCACIÓN;138
54;54874;INGENIERÍA, INDUSTRIA Y CONSTRUCCIÓN;1443
54;54874;SALUD Y BIENESTAR;7
63;63001;ADMINISTRACIÓN DE EMPRESAS Y DERECHO;9359
63;63001;AGROPECUARIO, SILVICULTURA, PESCA Y VETERINARIA;455
63;63001;ARTE Y HUMANIDADES;706
63;63001;CIENCIAS NATURALES, MATEMÁTICAS Y ESTADÍSTICA;742
63;63001;CIENCIAS SOCIALES, PERIODISMO E INFORMACIÓN;2882
63;63001;EDUCACIÓN;2676
63;63001;INGENIERÍA, INDUSTRIA Y CONSTRUCCIÓN;4156
63;63001;SALUD Y BIENESTAR;1460
63;63001;SERVICIOS;1961
63;63001;TECNOLOGÍAS DE LA INFORMACIÓN Y LA COMUNICACIÓN (TIC);1101
63;63111;ADMINISTRACIÓN DE EMPRESAS Y DERECHO;8
63;63111;AGROPECUARIO, SILVICULTURA, PESCA Y VETERINARIA;41
63;63111;INGENIERÍA, INDUSTRIA Y CONSTRUCCIÓN;7
63;63130;ADMINISTRACIÓN DE EMPRESAS Y DERECHO;13
63;63130;AGROPECUARIO, SILVICULTURA, PESCA Y VETERINARIA;1
63;63130;CIENCIAS SOCIALES, PERIODISMO E INFORMACIÓN;1
63;63130;INGENIERÍA, INDUSTRIA Y CONSTRUCCIÓN;2
63;63190;SALUD Y BIENESTAR;57
63;63302;ADMINISTRACIÓN DE EMPRESAS Y DERECHO;10
63;63302;SERVICIOS;7
63;63401;AGROPECUARIO, SILVICULTURA, PESCA Y VETERINARIA;2
63;63470;CIENCIAS SOCIALES, PERIODISMO E INFORMACIÓN;1
63;63594;ADMINISTRACIÓN DE EMPRESAS Y DERECHO;4
63;63594;CIENCIAS SOCIALES, PERIODISMO E INFORMACIÓN;34
63;63594;INGENIERÍA, INDUSTRIA Y CONSTRUCCIÓN;13
66;66001;ADMINISTRACIÓN DE EMPRESAS Y DERECHO;18144
66;66001;AGROPECUARIO, SILVICULTURA, PESCA Y VETERINARIA;787
66;66001;ARTE Y HUMANIDADES;717
66;66001;CIENCIAS NATURALES, MATEMÁTICAS Y ESTADÍSTICA;853
66;66001;CIENCIAS SOCIALES, PERIODISMO E INFORMACIÓN;3165
66;66001;EDUCACIÓN;4600
66;66001;INGENIERÍA, INDUSTRIA Y CONSTRUCCIÓN;8619
66;66001;SALUD Y BIENESTAR;5231
66;66001;SERVICIOS;1830
66;66001;TECNOLOGÍAS DE LA INFORMACIÓN Y LA COMUNICACIÓN (TIC);1313
66;66075;AGROPECUARIO, SILVICULTURA, PESCA Y VETERINARIA;9
66;66075;CIENCIAS SOCIALES, PERIODISMO E INFORMACIÓN;1
66;66088;AGROPECUARIO, SILVICULTURA, PESCA Y VETERINARIA;1
66;66088;EDUCACIÓN;22
66;66088;INGENIERÍA, INDUSTRIA Y CONSTRUCCIÓN;9
66;66170;ADMINISTRACIÓN DE EMPRESAS Y DERECHO;152
66;66170;AGROPECUARIO, SILVICULTURA, PESCA Y VETERINARIA;2
66;66170;ARTE Y HUMANIDADES;224
66;66170;CIENCIAS SOCIALES, PERIODISMO E INFORMACIÓN;5
66;66170;INGENIERÍA, INDUSTRIA Y CONSTRUCCIÓN;1582
66;66170;TECNOLOGÍAS DE LA INFORMACIÓN Y LA COMUNICACIÓN (TIC);837
66;66318;ADMINISTRACIÓN DE EMPRESAS Y DERECHO;4
66;66318;AGROPECUARIO, SILVICULTURA, PESCA Y VETERINARIA;19
66;66383;INGENIERÍA, INDUSTRIA Y CONSTRUCCIÓN;7
66;66400;ADMINISTRACIÓN DE EMPRESAS Y DERECHO;1
66;66400;CIENCIAS SOCIALES, PERIODISMO E INFORMACIÓN;1
66;66400;INGENIERÍA, INDUSTRIA Y CONSTRUCCIÓN;2
66;66440;ADMINISTRACIÓN DE EMPRESAS Y DERECHO;2
66;66440;AGROPECUARIO, SILVICULTURA, PESCA Y VETERINARIA;1
66;66440;INGENIERÍA, INDUSTRIA Y CONSTRUCCIÓN;1
66;66456;AGROPECUARIO, SILVICULTURA, PESCA Y VETERINARIA;9
66;66456;CIENCIAS SOCIALES, PERIODISMO E INFORMACIÓN;2
66;66456;INGENIERÍA, INDUSTRIA Y CONSTRUCCIÓN;1
66;66572;ADMINISTRACIÓN DE EMPRESAS Y DERECHO;8
66;66572;EDUCACIÓN;17
66;66594;ADMINISTRACIÓN DE EMPRESAS Y DERECHO;8
66;66594;AGROPECUARIO, SILVICULTURA, PESCA Y VETERINARIA;3
66;66594;CIENCIAS SOCIALES, PERIODISMO E INFORMACIÓN;1
66;66682;ADMINISTRACIÓN DE EMPRESAS Y DERECHO;51
66;66682;AGROPECUARIO, SILVICULTURA, PESCA Y VETERINARIA;676
66;66682;CIENCIAS NATURALES, MATEMÁTICAS Y ESTADÍSTICA;50
66;66682;INGENIERÍA, INDUSTRIA Y CONSTRUCCIÓN;54
66;66682;TECNOLOGÍAS DE LA INFORMACIÓN Y LA COMUNICACIÓN (TIC);66
68;68001;ADMINISTRACIÓN DE EMPRESAS Y DERECHO;37373
68;68001;AGROPECUARIO, SILVICULTURA, PESCA Y VETERINARIA;1890
68;68001;ARTE Y HUMANIDADES;2040
68;68001;CIENCIAS NATURALES, MATEMÁTICAS Y ESTADÍSTICA;2877
68;68001;CIENCIAS SOCIALES, PERIODISMO E INFORMACIÓN;7275
68;68001;EDUCACIÓN;27268
68;68001;INGENIERÍA, INDUSTRIA Y CONSTRUCCIÓN;25869
68;68001;SALUD Y BIENESTAR;10255
68;68001;SERVICIOS;596
68;68001;TECNOLOGÍAS DE LA INFORMACIÓN Y LA COMUNICACIÓN (TIC);1380
68;68013;INGENIERÍA, INDUSTRIA Y CONSTRUCCIÓN;1
68;68077;ADMINISTRACIÓN DE EMPRESAS Y DERECHO;1
68;68077;AGROPECUARIO, SILVICULTURA, PESCA Y VETERINARIA;3
68;68077;CIENCIAS SOCIALES, PERIODISMO E INFORMACIÓN;1
68;68077;EDUCACIÓN;13
68;68081;ADMINISTRACIÓN DE EMPRESAS Y DERECHO;3647
68;68081;AGROPECUARIO, SILVICULTURA, PESCA Y VETERINARIA;493
68;68081;ARTE Y HUMANIDADES;1
68;68081;CIENCIAS NATURALES, MATEMÁTICAS Y ESTADÍSTICA;270
68;68081;CIENCIAS SOCIALES, PERIODISMO E INFORMACIÓN;1353
68;68081;EDUCACIÓN;227
68;68081;INGENIERÍA, INDUSTRIA Y CONSTRUCCIÓN;4774
68;68081;SALUD Y BIENESTAR;11
68;68081;SERVICIOS;477
68;68081;TECNOLOGÍAS DE LA INFORMACIÓN Y LA COMUNICACIÓN (TIC);276
68;68179;ADMINISTRACIÓN DE EMPRESAS Y DERECHO;1
68;68190;ADMINISTRACIÓN DE EMPRESAS Y DERECHO;1
68;68190;CIENCIAS SOCIALES, PERIODISMO E INFORMACIÓN;1
68;68190;EDUCACIÓN;1
68;68190;INGENIERÍA, INDUSTRIA Y CONSTRUCCIÓN;1
68;68235;AGROPECUARIO, SILVICULTURA, PESCA Y VETERINARIA;1
68;68255;AGROPECUARIO, SILVICULTURA, PESCA Y VETERINARIA;156
68;68255;CIENCIAS NATURALES, MATEMÁTICAS Y ESTADÍSTICA;117
68;68266;CIENCIAS SOCIALES, PERIODISMO E INFORMACIÓN;1
68;68276;ADMINISTRACIÓN DE EMPRESAS Y DERECHO;415
68;68276;ARTE Y HUMANIDADES;206
68;68276;CIENCIAS SOCIALES, PERIODISMO E INFORMACIÓN;5
68;68276;EDUCACIÓN;2
68;68276;INGENIERÍA, INDUSTRIA Y CONSTRUCCIÓN;854
68;68276;SALUD Y BIENESTAR;1
68;68276;TECNOLOGÍAS DE LA INFORMACIÓN Y LA COMUNICACIÓN (TIC);281
68;68307;ADMINISTRACIÓN DE EMPRESAS Y DERECHO;2
68;68307;ARTE Y HUMANIDADES;3
68;68307;CIENCIAS SOCIALES, PERIODISMO E INFORMACIÓN;2
68;68307;EDUCACIÓN;1
68;68307;INGENIERÍA, INDUSTRIA Y CONSTRUCCIÓN;2250
68;68307;SERVICIOS;277
68;68307;TECNOLOGÍAS DE LA INFORMACIÓN Y LA COMUNICACIÓN (TIC);567
68;68324;CIENCIAS SOCIALES, PERIODISMO E INFORMACIÓN;1
68;68385;AGROPECUARIO, SILVICULTURA, PESCA Y VETERINARIA;1
68;68385;CIENCIAS SOCIALES, PERIODISMO E INFORMACIÓN;1
68;68418;ADMINISTRACIÓN DE EMPRESAS Y DERECHO;1
68;68432;ADMINISTRACIÓN DE EMPRESAS Y DERECHO;535
68;68432;AGROPECUARIO, SILVICULTURA, PESCA Y VETERINARIA;316
68;68432;ARTE Y HUMANIDADES;1
68;68432;CIENCIAS SOCIALES, PERIODISMO E INFORMACIÓN;37
68;68432;EDUCACIÓN;41
68;68432;INGENIERÍA, INDUSTRIA Y CONSTRUCCIÓN;301
68;68432;SALUD Y BIENESTAR;106
68;68432;SERVICIOS;190
68;68432;TECNOLOGÍAS DE LA INFORMACIÓN Y LA COMUNICACIÓN (TIC);104
68;68464;ADMINISTRACIÓN DE EMPRESAS Y DERECHO;1
68;68464;TECNOLOGÍAS DE LA INFORMACIÓN Y LA COMUNICACIÓN (TIC);2
68;68500;ADMINISTRACIÓN DE EMPRESAS Y DERECHO;43
68;68500;CIENCIAS SOCIALES, PERIODISMO E INFORMACIÓN;1
68;68502;SERVICIOS;1
68;68547;ADMINISTRACIÓN DE EMPRESAS Y DERECHO;615
68;68547;AGROPECUARIO, SILVICULTURA, PESCA Y VETERINARIA;39
68;68547;CIENCIAS NATURALES, MATEMÁTICAS Y ESTADÍSTICA;68
68;68547;CIENCIAS SOCIALES, PERIODISMO E INFORMACIÓN;21
68;68547;EDUCACIÓN;1
68;68547;INGENIERÍA, INDUSTRIA Y CONSTRUCCIÓN;369
68;68547;SERVICIOS;405
68;68547;TECNOLOGÍAS DE LA INFORMACIÓN Y LA COMUNICACIÓN (TIC);172
68;68572;ADMINISTRACIÓN DE EMPRESAS Y DERECHO;1
68;68572;AGROPECUARIO, SILVICULTURA, PESCA Y VETERINARIA;1
68;68572;CIENCIAS SOCIALES, PERIODISMO E INFORMACIÓN;1
68;68615;ADMINISTRACIÓN DE EMPRESAS Y DERECHO;22
68;68615;INGENIERÍA, INDUSTRIA Y CONSTRUCCIÓN;4
68;68655;INGENIERÍA, INDUSTRIA Y CONSTRUCCIÓN;1
68;68669;ADMINISTRACIÓN DE EMPRESAS Y DERECHO;1
68;68669;EDUCACIÓN;14
68;68679;ADMINISTRACIÓN DE EMPRESAS Y DERECHO;3465
68;68679;AGROPECUARIO, SILVICULTURA, PESCA Y VETERINARIA;162
68;68679;ARTE Y HUMANIDADES;63
68;68679;CIENCIAS SOCIALES, PERIODISMO E INFORMACIÓN;338
68;68679;EDUCACIÓN;147
68;68679;INGENIERÍA, INDUSTRIA Y CONSTRUCCIÓN;588
68;68679;SALUD Y BIENESTAR;195
68;68679;SERVICIOS;91
68;68679;TECNOLOGÍAS DE LA INFORMACIÓN Y LA COMUNICACIÓN (TIC);369
68;68682;INGENIERÍA, INDUSTRIA Y CONSTRUCCIÓN;1
68;68684;CIENCIAS SOCIALES, PERIODISMO E INFORMACIÓN;1
68;68755;ADMINISTRACIÓN DE EMPRESAS Y DERECHO;1239
68;68755;AGROPECUARIO, SILVICULTURA, PESCA Y VETERINARIA;77
68;68755;CIENCIAS SOCIALES, PERIODISMO E INFORMACIÓN;60
68;68755;EDUCACIÓN;317
68;68755;INGENIERÍA, INDUSTRIA Y CONSTRUCCIÓN;337
68;68755;SERVICIOS;54
68;68770;ADMINISTRACIÓN DE EMPRESAS Y DERECHO;1
68;68770;TECNOLOGÍAS DE LA INFORMACIÓN Y LA COMUNICACIÓN (TIC);5
68;68780;INGENIERÍA, INDUSTRIA Y CONSTRUCCIÓN;1
68;68861;ADMINISTRACIÓN DE EMPRESAS Y DERECHO;1044
68;68861;AGROPECUARIO, SILVICULTURA, PESCA Y VETERINARIA;152
68;68861;ARTE Y HUMANIDADES;1
68;68861;CIENCIAS NATURALES, MATEMÁTICAS Y ESTADÍSTICA;126
68;68861;CIENCIAS SOCIALES, PERIODISMO E INFORMACIÓN;83
68;68861;EDUCACIÓN;117
68;68861;INGENIERÍA, INDUSTRIA Y CONSTRUCCIÓN;423
68;68861;SALUD Y BIENESTAR;13
68;68861;SERVICIOS;2321
68;68861;TECNOLOGÍAS DE LA INFORMACIÓN Y LA COMUNICACIÓN (TIC);207
68;68872;ADMINISTRACIÓN DE EMPRESAS Y DERECHO;12
70;70001;ADMINISTRACIÓN DE EMPRESAS Y DERECHO;9442
70;70001;AGROPECUARIO, SILVICULTURA, PESCA Y VETERINARIA;312
70;70001;ARTE Y HUMANIDADES;25
70;70001;CIENCIAS NATURALES, MATEMÁTICAS Y ESTADÍSTICA;543
70;70001;CIENCIAS SOCIALES, PERIODISMO E INFORMACIÓN;2464
70;70001;EDUCACIÓN;4001
70;70001;INGENIERÍA, INDUSTRIA Y CONSTRUCCIÓN;2064
70;70001;SALUD Y BIENESTAR;863
70;70001;SERVICIOS;573
70;70001;TECNOLOGÍAS DE LA INFORMACIÓN Y LA COMUNICACIÓN (TIC);434
70;70204;CIENCIAS SOCIALES, PERIODISMO E INFORMACIÓN;1
70;70215;ADMINISTRACIÓN DE EMPRESAS Y DERECHO;157
70;70215;AGROPECUARIO, SILVICULTURA, PESCA Y VETERINARIA;18
70;70215;ARTE Y HUMANIDADES;2
70;70215;CIENCIAS SOCIALES, PERIODISMO E INFORMACIÓN;267
70;70215;EDUCACIÓN;111
70;70215;INGENIERÍA, INDUSTRIA Y CONSTRUCCIÓN;148
70;70215;SALUD Y BIENESTAR;16
70;70215;SERVICIOS;1786
70;70215;TECNOLOGÍAS DE LA INFORMACIÓN Y LA COMUNICACIÓN (TIC);19
70;70221;INGENIERÍA, INDUSTRIA Y CONSTRUCCIÓN;14
70;70221;SERVICIOS;988
70;70230;INGENIERÍA, INDUSTRIA Y CONSTRUCCIÓN;1
70;70400;ADMINISTRACIÓN DE EMPRESAS Y DERECHO;51
70;70400;CIENCIAS SOCIALES, PERIODISMO E INFORMACIÓN;1
70;70418;CIENCIAS SOCIALES, PERIODISMO E INFORMACIÓN;2
70;70429;ADMINISTRACIÓN DE EMPRESAS Y DERECHO;58
70;70473;CIENCIAS SOCIALES, PERIODISMO E INFORMACIÓN;2
70;70508;EDUCACIÓN;6
70;70670;CIENCIAS SOCIALES, PERIODISMO E INFORMACIÓN;2
70;70678;ADMINISTRACIÓN DE EMPRESAS Y DERECHO;1
70;70708;ADMINISTRACIÓN DE EMPRESAS Y DERECHO;36
70;70708;INGENIERÍA, INDUSTRIA Y CONSTRUCCIÓN;5
70;70713;ADMINISTRACIÓN DE EMPRESAS Y DERECHO;1
70;70742;ADMINISTRACIÓN DE EMPRESAS Y DERECHO;53
70;70742;CIENCIAS SOCIALES, PERIODISMO E INFORMACIÓN;1
70;70742;INGENIERÍA, INDUSTRIA Y CONSTRUCCIÓN;1
70;70742;SALUD Y BIENESTAR;1
70;70820;SERVICIOS;16
73;73001;ADMINISTRACIÓN DE EMPRESAS Y DERECHO;17924
73;73001;AGROPECUARIO, SILVICULTURA, PESCA Y VETERINARIA;1288
73;73001;ARTE Y HUMANIDADES;876
73;73001;CIENCIAS NATURALES, MATEMÁTICAS Y ESTADÍSTICA;1369
73;73001;CIENCIAS SOCIALES, PERIODISMO E INFORMACIÓN;3092
73;73001;EDUCACIÓN;5076
73;73001;INGENIERÍA, INDUSTRIA Y CONSTRUCCIÓN;7599
73;73001;SALUD Y BIENESTAR;2740
73;73001;SERVICIOS;1625
73;73001;TECNOLOGÍAS DE LA INFORMACIÓN Y LA COMUNICACIÓN (TIC);2779
73;73024;ADMINISTRACIÓN DE EMPRESAS Y DERECHO;1
73;73026;INGENIERÍA, INDUSTRIA Y CONSTRUCCIÓN;1
73;73067;CIENCIAS SOCIALES, PERIODISMO E INFORMACIÓN;1
73;73067;INGENIERÍA, INDUSTRIA Y CONSTRUCCIÓN;1
73;73124;ADMINISTRACIÓN DE EMPRESAS Y DERECHO;1
73;73148;ADMINISTRACIÓN DE EMPRESAS Y DERECHO;27
73;73148;INGENIERÍA, INDUSTRIA Y CONSTRUCCIÓN;1
73;73152;SALUD Y BIENESTAR;1
73;73168;ADMINISTRACIÓN DE EMPRESAS Y DERECHO;327
73;73168;AGROPECUARIO, SILVICULTURA, PESCA Y VETERINARIA;8
73;73168;CIENCIAS NATURALES, MATEMÁTICAS Y ESTADÍSTICA;11
73;73168;EDUCACIÓN;170
73;73168;INGENIERÍA, INDUSTRIA Y CONSTRUCCIÓN;111
73;73168;TECNOLOGÍAS DE LA INFORMACIÓN Y LA COMUNICACIÓN (TIC);35
73;73217;INGENIERÍA, INDUSTRIA Y CONSTRUCCIÓN;1
73;73226;SERVICIOS;1
73;73268;ADMINISTRACIÓN DE EMPRESAS Y DERECHO;3559
73;73268;AGROPECUARIO, SILVICULTURA, PESCA Y VETERINARIA;1536
73;73268;CIENCIAS NATURALES, MATEMÁTICAS Y ESTADÍSTICA;355
73;73268;CIENCIAS SOCIALES, PERIODISMO E INFORMACIÓN;1627
73;73268;EDUCACIÓN;9
73;73268;INGENIERÍA, INDUSTRIA Y CONSTRUCCIÓN;2665
73;73268;SALUD Y BIENESTAR;78
73;73268;SERVICIOS;3228
73;73268;TECNOLOGÍAS DE LA INFORMACIÓN Y LA COMUNICACIÓN (TIC);578
73;73270;ADMINISTRACIÓN DE EMPRESAS Y DERECHO;1
73;73275;ADMINISTRACIÓN DE EMPRESAS Y DERECHO;147
73;73275;CIENCIAS SOCIALES, PERIODISMO E INFORMACIÓN;1
73;73275;INGENIERÍA, INDUSTRIA Y CONSTRUCCIÓN;95
73;73275;TECNOLOGÍAS DE LA INFORMACIÓN Y LA COMUNICACIÓN (TIC);48
73;73283;ADMINISTRACIÓN DE EMPRESAS Y DERECHO;48
73;73283;AGROPECUARIO, SILVICULTURA, PESCA Y VETERINARIA;2
73;73283;EDUCACIÓN;1
73;73283;INGENIERÍA, INDUSTRIA Y CONSTRUCCIÓN;2
73;73319;CIENCIAS SOCIALES, PERIODISMO E INFORMACIÓN;1
73;73319;INGENIERÍA, INDUSTRIA Y CONSTRUCCIÓN;1
73;73319;SERVICIOS;1
73;73319;TECNOLOGÍAS DE LA INFORMACIÓN Y LA COMUNICACIÓN (TIC);8
73;73349;ADMINISTRACIÓN DE EMPRESAS Y DERECHO;272
73;73349;CIENCIAS NATURALES, MATEMÁTICAS Y ESTADÍSTICA;20
73;73349;EDUCACIÓN;32
73;73349;INGENIERÍA, INDUSTRIA Y CONSTRUCCIÓN;60
73;73349;TECNOLOGÍAS DE LA INFORMACIÓN Y LA COMUNICACIÓN (TIC);87
73;73352;ADMINISTRACIÓN DE EMPRESAS Y DERECHO;26
73;73352;TECNOLOGÍAS DE LA INFORMACIÓN Y LA COMUNICACIÓN (TIC);6
73;73408;ADMINISTRACIÓN DE EMPRESAS Y DERECHO;83
73;73408;CIENCIAS SOCIALES, PERIODISMO E INFORMACIÓN;1
73;73408;INGENIERÍA, INDUSTRIA Y CONSTRUCCIÓN;1
73;73408;SALUD Y BIENESTAR;1
73;73411;ADMINISTRACIÓN DE EMPRESAS Y DERECHO;72
73;73411;AGROPECUARIO, SILVICULTURA, PESCA Y VETERINARIA;9
73;73411;CIENCIAS SOCIALES, PERIODISMO E INFORMACIÓN;18
73;73411;EDUCACIÓN;13
73;73411;INGENIERÍA, INDUSTRIA Y CONSTRUCCIÓN;17
73;73411;SALUD Y BIENESTAR;5
73;73411;TECNOLOGÍAS DE LA INFORMACIÓN Y LA COMUNICACIÓN (TIC);2
73;73443;ADMINISTRACIÓN DE EMPRESAS Y DERECHO;89
73;73443;AGROPECUARIO, SILVICULTURA, PESCA Y VETERINARIA;14
73;73443;CIENCIAS SOCIALES, PERIODISMO E INFORMACIÓN;59
73;73443;EDUCACIÓN;14
73;73443;INGENIERÍA, INDUSTRIA Y CONSTRUCCIÓN;173
73;73443;SALUD Y BIENESTAR;9
73;73443;SERVICIOS;89
73;73443;TECNOLOGÍAS DE LA INFORMACIÓN Y LA COMUNICACIÓN (TIC);4
73;73449;ADMINISTRACIÓN DE EMPRESAS Y DERECHO;91
73;73449;EDUCACIÓN;8
73;73449;INGENIERÍA, INDUSTRIA Y CONSTRUCCIÓN;2
73;73504;EDUCACIÓN;1
73;73504;INGENIERÍA, INDUSTRIA Y CONSTRUCCIÓN;1
73;73520;CIENCIAS SOCIALES, PERIODISMO E INFORMACIÓN;1
73;73520;INGENIERÍA, INDUSTRIA Y CONSTRUCCIÓN;1
73;73547;INGENIERÍA, INDUSTRIA Y CONSTRUCCIÓN;1
73;73585;ADMINISTRACIÓN DE EMPRESAS Y DERECHO;49
73;73585;AGROPECUARIO, SILVICULTURA, PESCA Y VETERINARIA;1
73;73585;EDUCACIÓN;67
73;73616;EDUCACIÓN;1
73;73624;INGENIERÍA, INDUSTRIA Y CONSTRUCCIÓN;1
73;73671;ADMINISTRACIÓN DE EMPRESAS Y DERECHO;1
73;73671;CIENCIAS NATURALES, MATEMÁTICAS Y ESTADÍSTICA;1
73;73671;INGENIERÍA, INDUSTRIA Y CONSTRUCCIÓN;1
73;73675;ADMINISTRACIÓN DE EMPRESAS Y DERECHO;1
73;73675;CIENCIAS SOCIALES, PERIODISMO E INFORMACIÓN;1
73;73861;ADMINISTRACIÓN DE EMPRESAS Y DERECHO;45
73;73861;INGENIERÍA, INDUSTRIA Y CONSTRUCCIÓN;38
73;73861;TECNOLOGÍAS DE LA INFORMACIÓN Y LA COMUNICACIÓN (TIC);6
73;73870;EDUCACIÓN;1
73;73870;SALUD Y BIENESTAR;2
73;73873;SALUD Y BIENESTAR;1
76;76001;ADMINISTRACIÓN DE EMPRESAS Y DERECHO;57399
76;76001;AGROPECUARIO, SILVICULTURA, PESCA Y VETERINARIA;150
76;76001;ARTE Y HUMANIDADES;5045
76;76001;CIENCIAS NATURALES, MATEMÁTICAS Y ESTADÍSTICA;3192
76;76001;CIENCIAS SOCIALES, PERIODISMO E INFORMACIÓN;13955
76;76001;EDUCACIÓN;7527
76;76001;INGENIERÍA, INDUSTRIA Y CONSTRUCCIÓN;24850
76;76001;SALUD Y BIENESTAR;12922
76;76001;SERVICIOS;4804
76;76001;TECNOLOGÍAS DE LA INFORMACIÓN Y LA COMUNICACIÓN (TIC);5912
76;76041;ADMINISTRACIÓN DE EMPRESAS Y DERECHO;2
76;76041;AGROPECUARIO, SILVICULTURA, PESCA Y VETERINARIA;33
76;76041;CIENCIAS SOCIALES, PERIODISMO E INFORMACIÓN;1
76;76041;INGENIERÍA, INDUSTRIA Y CONSTRUCCIÓN;26
76;76054;SERVICIOS;1
76;76100;ADMINISTRACIÓN DE EMPRESAS Y DERECHO;7
76;76109;ADMINISTRACIÓN DE EMPRESAS Y DERECHO;2246
76;76109;AGROPECUARIO, SILVICULTURA, PESCA Y VETERINARIA;182
76;76109;ARTE Y HUMANIDADES;1
76;76109;CIENCIAS SOCIALES, PERIODISMO E INFORMACIÓN;668
76;76109;EDUCACIÓN;461
76;76109;INGENIERÍA, INDUSTRIA Y CONSTRUCCIÓN;892
76;76109;SALUD Y BIENESTAR;41
76;76109;SERVICIOS;619
76;76109;TECNOLOGÍAS DE LA INFORMACIÓN Y LA COMUNICACIÓN (TIC);95
76;76111;ADMINISTRACIÓN DE EMPRESAS Y DERECHO;3009
76;76111;AGROPECUARIO, SILVICULTURA, PESCA Y VETERINARIA;1004
76;76111;ARTE Y HUMANIDADES;58
76;76111;CIENCIAS NATURALES, MATEMÁTICAS Y ESTADÍSTICA;309
76;76111;CIENCIAS SOCIALES, PERIODISMO E INFORMACIÓN;282
76;76111;EDUCACIÓN;419
76;76111;INGENIERÍA, INDUSTRIA Y CONSTRUCCIÓN;1201
76;76111;SALUD Y BIENESTAR;263
76;76111;SERVICIOS;629
76;76111;TECNOLOGÍAS DE LA INFORMACIÓN Y LA COMUNICACIÓN (TIC);219
76;76113;ADMINISTRACIÓN DE EMPRESAS Y DERECHO;1
76;76113;INGENIERÍA, INDUSTRIA Y CONSTRUCCIÓN;2
76;76122;ADMINISTRACIÓN DE EMPRESAS Y DERECHO;254
76;76122;AGROPECUARIO, SILVICULTURA, PESCA Y VETERINARIA;71
76;76122;EDUCACIÓN;21
76;76122;INGENIERÍA, INDUSTRIA Y CONSTRUCCIÓN;1
76;76122;TECNOLOGÍAS DE LA INFORMACIÓN Y LA COMUNICACIÓN (TIC);38
76;76130;ADMINISTRACIÓN DE EMPRESAS Y DERECHO;207
76;76130;AGROPECUARIO, SILVICULTURA, PESCA Y VETERINARIA;140
76;76130;EDUCACIÓN;57
76;76130;INGENIERÍA, INDUSTRIA Y CONSTRUCCIÓN;21
76;76130;SALUD Y BIENESTAR;95
76;76130;SERVICIOS;70
76;76147;ADMINISTRACIÓN DE EMPRESAS Y DERECHO;2261
76;76147;AGROPECUARIO, SILVICULTURA, PESCA Y VETERINARIA;114
76;76147;ARTE Y HUMANIDADES;53
76;76147;CIENCIAS NATURALES, MATEMÁTICAS Y ESTADÍSTICA;14
76;76147;CIENCIAS SOCIALES, PERIODISMO E INFORMACIÓN;142
76;76147;EDUCACIÓN;49
76;76147;INGENIERÍA, INDUSTRIA Y CONSTRUCCIÓN;225
76;76147;SALUD Y BIENESTAR;1
76;76147;SERVICIOS;238
76;76147;TECNOLOGÍAS DE LA INFORMACIÓN Y LA COMUNICACIÓN (TIC);353
76;76233;ADMINISTRACIÓN DE EMPRESAS Y DERECHO;147
76;76233;AGROPECUARIO, SILVICULTURA, PESCA Y VETERINARIA;24
76;76233;INGENIERÍA, INDUSTRIA Y CONSTRUCCIÓN;5
76;76246;ADMINISTRACIÓN DE EMPRESAS Y DERECHO;1
76;76248;ADMINISTRACIÓN DE EMPRESAS Y DERECHO;73
76;76248;AGROPECUARIO, SILVICULTURA, PESCA Y VETERINARIA;81
76;76248;INGENIERÍA, INDUSTRIA Y CONSTRUCCIÓN;20
76;76250;ADMINISTRACIÓN DE EMPRESAS Y DERECHO;132
76;76250;AGROPECUARIO, SILVICULTURA, PESCA Y VETERINARIA;13
76;76250;TECNOLOGÍAS DE LA INFORMACIÓN Y LA COMUNICACIÓN (TIC);1
76;76275;ADMINISTRACIÓN DE EMPRESAS Y DERECHO;21
76;76275;AGROPECUARIO, SILVICULTURA, PESCA Y VETERINARIA;16
76;76275;EDUCACIÓN;1
76;76275;INGENIERÍA, INDUSTRIA Y CONSTRUCCIÓN;3
76;76275;SALUD Y BIENESTAR;1
76;76306;ADMINISTRACIÓN DE EMPRESAS Y DERECHO;1
76;76306;AGROPECUARIO, SILVICULTURA, PESCA Y VETERINARIA;11
76;76318;ADMINISTRACIÓN DE EMPRESAS Y DERECHO;2
76;76318;INGENIERÍA, INDUSTRIA Y CONSTRUCCIÓN;2
76;76364;ADMINISTRACIÓN DE EMPRESAS Y DERECHO;12
76;76364;CIENCIAS SOCIALES, PERIODISMO E INFORMACIÓN;4
76;76364;INGENIERÍA, INDUSTRIA Y CONSTRUCCIÓN;25
76;76364;SALUD Y BIENESTAR;1
76;76377;EDUCACIÓN;1
76;76400;ADMINISTRACIÓN DE EMPRESAS Y DERECHO;13
76;76400;AGROPECUARIO, SILVICULTURA, PESCA Y VETERINARIA;9
76;76400;ARTE Y HUMANIDADES;2
76;76497;CIENCIAS SOCIALES, PERIODISMO E INFORMACIÓN;2
76;76520;ADMINISTRACIÓN DE EMPRESAS Y DERECHO;4648
76;76520;AGROPECUARIO, SILVICULTURA, PESCA Y VETERINARIA;1173
76;76520;ARTE Y HUMANIDADES;261
76;76520;CIENCIAS NATURALES, MATEMÁTICAS Y ESTADÍSTICA;34
76;76520;CIENCIAS SOCIALES, PERIODISMO E INFORMACIÓN;1064
76;76520;EDUCACIÓN;621
76;76520;INGENIERÍA, INDUSTRIA Y CONSTRUCCIÓN;3004
76;76520;SALUD Y BIENESTAR;967
76;76520;SERVICIOS;290
76;76520;TECNOLOGÍAS DE LA INFORMACIÓN Y LA COMUNICACIÓN (TIC);187
76;76563;ADMINISTRACIÓN DE EMPRESAS Y DERECHO;32
76;76563;EDUCACIÓN;1
76;76563;INGENIERÍA, INDUSTRIA Y CONSTRUCCIÓN;2
76;76606;ADMINISTRACIÓN DE EMPRESAS Y DERECHO;3
76;76622;ADMINISTRACIÓN DE EMPRESAS Y DERECHO;2630
76;76622;AGROPECUARIO, SILVICULTURA, PESCA Y VETERINARIA;664
76;76622;ARTE Y HUMANIDADES;206
76;76622;CIENCIAS SOCIALES, PERIODISMO E INFORMACIÓN;68
76;76622;EDUCACIÓN;39
76;76622;INGENIERÍA, INDUSTRIA Y CONSTRUCCIÓN;113
76;76622;SERVICIOS;35
76;76622;TECNOLOGÍAS DE LA INFORMACIÓN Y LA COMUNICACIÓN (TIC);6
76;76670;AGROPECUARIO, SILVICULTURA, PESCA Y VETERINARIA;1
76;76736;ADMINISTRACIÓN DE EMPRESAS Y DERECHO;69
76;76736;INGENIERÍA, INDUSTRIA Y CONSTRUCCIÓN;1
76;76823;AGROPECUARIO, SILVICULTURA, PESCA Y VETERINARIA;7
76;76828;ADMINISTRACIÓN DE EMPRESAS Y DERECHO;2
76;76828;AGROPECUARIO, SILVICULTURA, PESCA Y VETERINARIA;4
76;76834;ADMINISTRACIÓN DE EMPRESAS Y DERECHO;3968
76;76834;AGROPECUARIO, SILVICULTURA, PESCA Y VETERINARIA;738
76;76834;ARTE Y HUMANIDADES;1
76;76834;CIENCIAS NATURALES, MATEMÁTICAS Y ESTADÍSTICA;110
76;76834;CIENCIAS SOCIALES, PERIODISMO E INFORMACIÓN;672
76;76834;EDUCACIÓN;605
76;76834;INGENIERÍA, INDUSTRIA Y CONSTRUCCIÓN;1221
76;76834;SALUD Y BIENESTAR;1036
76;76834;SERVICIOS;3202
76;76834;TECNOLOGÍAS DE LA INFORMACIÓN Y LA COMUNICACIÓN (TIC);166
76;76863;ADMINISTRACIÓN DE EMPRESAS Y DERECHO;1
76;76869;ADMINISTRACIÓN DE EMPRESAS Y DERECHO;14
76;76890;INGENIERÍA, INDUSTRIA Y CONSTRUCCIÓN;1
76;76892;ADMINISTRACIÓN DE EMPRESAS Y DERECHO;137
76;76892;AGROPECUARIO, SILVICULTURA, PESCA Y VETERINARIA;1
76;76892;CIENCIAS NATURALES, MATEMÁTICAS Y ESTADÍSTICA;82
76;76892;EDUCACIÓN;2
76;76892;INGENIERÍA, INDUSTRIA Y CONSTRUCCIÓN;114
76;76892;TECNOLOGÍAS DE LA INFORMACIÓN Y LA COMUNICACIÓN (TIC);116
76;76895;ADMINISTRACIÓN DE EMPRESAS Y DERECHO;409
76;76895;AGROPECUARIO, SILVICULTURA, PESCA Y VETERINARIA;49
76;76895;ARTE Y HUMANIDADES;6
76;76895;CIENCIAS SOCIALES, PERIODISMO E INFORMACIÓN;81
76;76895;EDUCACIÓN;8
76;76895;INGENIERÍA, INDUSTRIA Y CONSTRUCCIÓN;297
76;76895;TECNOLOGÍAS DE LA INFORMACIÓN Y LA COMUNICACIÓN (TIC);69
81;81001;ADMINISTRACIÓN DE EMPRESAS Y DERECHO;1158
81;81001;AGROPECUARIO, SILVICULTURA, PESCA Y VETERINARIA;159
81;81001;ARTE Y HUMANIDADES;13
81;81001;CIENCIAS NATURALES, MATEMÁTICAS Y ESTADÍSTICA;39
81;81001;CIENCIAS SOCIALES, PERIODISMO E INFORMACIÓN;428
81;81001;EDUCACIÓN;4
81;81001;INGENIERÍA, INDUSTRIA Y CONSTRUCCIÓN;278
81;81001;SALUD Y BIENESTAR;3
81;81001;SERVICIOS;181
81;81001;TECNOLOGÍAS DE LA INFORMACIÓN Y LA COMUNICACIÓN (TIC);34
81;81065;ADMINISTRACIÓN DE EMPRESAS Y DERECHO;6
81;81065;AGROPECUARIO, SILVICULTURA, PESCA Y VETERINARIA;8
81;81065;INGENIERÍA, INDUSTRIA Y CONSTRUCCIÓN;1
81;81736;ADMINISTRACIÓN DE EMPRESAS Y DERECHO;120
81;81736;CIENCIAS SOCIALES, PERIODISMO E INFORMACIÓN;16
81;81736;INGENIERÍA, INDUSTRIA Y CONSTRUCCIÓN;31
81;81794;ADMINISTRACIÓN DE EMPRESAS Y DERECHO;117
81;81794;AGROPECUARIO, SILVICULTURA, PESCA Y VETERINARIA;1
81;81794;CIENCIAS NATURALES, MATEMÁTICAS Y ESTADÍSTICA;1
81;81794;CIENCIAS SOCIALES, PERIODISMO E INFORMACIÓN;3
81;81794;INGENIERÍA, INDUSTRIA Y CONSTRUCCIÓN;10
81;81794;SALUD Y BIENESTAR;1
85;85001;ADMINISTRACIÓN DE EMPRESAS Y DERECHO;4057
85;85001;AGROPECUARIO, SILVICULTURA, PESCA Y VETERINARIA;380
85;85001;ARTE Y HUMANIDADES;23
85;85001;CIENCIAS NATURALES, MATEMÁTICAS Y ESTADÍSTICA;400
85;85001;CIENCIAS SOCIALES, PERIODISMO E INFORMACIÓN;350
85;85001;EDUCACIÓN;370
85;85001;INGENIERÍA, INDUSTRIA Y CONSTRUCCIÓN;2211
85;85001;SALUD Y BIENESTAR;240
85;85001;SERVICIOS;245
85;85001;TECNOLOGÍAS DE LA INFORMACIÓN Y LA COMUNICACIÓN (TIC);300
85;85010;ADMINISTRACIÓN DE EMPRESAS Y DERECHO;50
85;85010;AGROPECUARIO, SILVICULTURA, PESCA Y VETERINARIA;2
85;85010;CIENCIAS NATURALES, MATEMÁTICAS Y ESTADÍSTICA;4
85;85010;CIENCIAS SOCIALES, PERIODISMO E INFORMACIÓN;2
85;85010;EDUCACIÓN;1
85;85010;INGENIERÍA, INDUSTRIA Y CONSTRUCCIÓN;19
85;85010;SERVICIOS;1
85;85015;CIENCIAS SOCIALES, PERIODISMO E INFORMACIÓN;1
85;85125;ADMINISTRACIÓN DE EMPRESAS Y DERECHO;1
85;85139;CIENCIAS NATURALES, MATEMÁTICAS Y ESTADÍSTICA;1
85;85139;CIENCIAS SOCIALES, PERIODISMO E INFORMACIÓN;1
85;85139;INGENIERÍA, INDUSTRIA Y CONSTRUCCIÓN;2
85;85162;ADMINISTRACIÓN DE EMPRESAS Y DERECHO;8
85;85162;AGROPECUARIO, SILVICULTURA, PESCA Y VETERINARIA;1
85;85162;INGENIERÍA, INDUSTRIA Y CONSTRUCCIÓN;4
85;85225;AGROPECUARIO, SILVICULTURA, PESCA Y VETERINARIA;1
85;85225;SALUD Y BIENESTAR;1
85;85230;ADMINISTRACIÓN DE EMPRESAS Y DERECHO;1
85;85230;INGENIERÍA, INDUSTRIA Y CONSTRUCCIÓN;1
85;85250;ADMINISTRACIÓN DE EMPRESAS Y DERECHO;138
85;85250;AGROPECUARIO, SILVICULTURA, PESCA Y VETERINARIA;12
85;85250;CIENCIAS NATURALES, MATEMÁTICAS Y ESTADÍSTICA;2
85;85250;CIENCIAS SOCIALES, PERIODISMO E INFORMACIÓN;1
85;85250;INGENIERÍA, INDUSTRIA Y CONSTRUCCIÓN;42
85;85263;ADMINISTRACIÓN DE EMPRESAS Y DERECHO;1
85;85263;INGENIERÍA, INDUSTRIA Y CONSTRUCCIÓN;1
85;85315;EDUCACIÓN;1
85;85400;INGENIERÍA, INDUSTRIA Y CONSTRUCCIÓN;2
85;85410;ADMINISTRACIÓN DE EMPRESAS Y DERECHO;151
85;85410;AGROPECUARIO, SILVICULTURA, PESCA Y VETERINARIA;1
85;85410;CIENCIAS NATURALES, MATEMÁTICAS Y ESTADÍSTICA;2
85;85410;CIENCIAS SOCIALES, PERIODISMO E INFORMACIÓN;3
85;85410;INGENIERÍA, INDUSTRIA Y CONSTRUCCIÓN;17
85;85410;SALUD Y BIENESTAR;1
85;85430;ADMINISTRACIÓN DE EMPRESAS Y DERECHO;49
85;85430;AGROPECUARIO, SILVICULTURA, PESCA Y VETERINARIA;1
85;85430;SALUD Y BIENESTAR;1
85;85430;SERVICIOS;1
85;85440;ADMINISTRACIÓN DE EMPRESAS Y DERECHO;58
85;85440;AGROPECUARIO, SILVICULTURA, PESCA Y VETERINARIA;8
85;85440;INGENIERÍA, INDUSTRIA Y CONSTRUCCIÓN;1
85;85440;SERVICIOS;1
85;85440;TECNOLOGÍAS DE LA INFORMACIÓN Y LA COMUNICACIÓN (TIC);20
86;86001;ADMINISTRACIÓN DE EMPRESAS Y DERECHO;1132
86;86001;AGROPECUARIO, SILVICULTURA, PESCA Y VETERINARIA;142
86;86001;CIENCIAS SOCIALES, PERIODISMO E INFORMACIÓN;59
86;86001;EDUCACIÓN;56
86;86001;INGENIERÍA, INDUSTRIA Y CONSTRUCCIÓN;1012
86;86001;TECNOLOGÍAS DE LA INFORMACIÓN Y LA COMUNICACIÓN (TIC);120
86;86219;INGENIERÍA, INDUSTRIA Y CONSTRUCCIÓN;6
86;86320;ADMINISTRACIÓN DE EMPRESAS Y DERECHO;52
86;86320;INGENIERÍA, INDUSTRIA Y CONSTRUCCIÓN;6
86;86320;SALUD Y BIENESTAR;1
86;86568;ADMINISTRACIÓN DE EMPRESAS Y DERECHO;755
86;86568;AGROPECUARIO, SILVICULTURA, PESCA Y VETERINARIA;21
86;86568;CIENCIAS NATURALES, MATEMÁTICAS Y ESTADÍSTICA;216
86;86568;CIENCIAS SOCIALES, PERIODISMO E INFORMACIÓN;21
86;86568;EDUCACIÓN;47
86;86568;INGENIERÍA, INDUSTRIA Y CONSTRUCCIÓN;422
86;86568;SALUD Y BIENESTAR;1
86;86568;SERVICIOS;458
86;86568;TECNOLOGÍAS DE LA INFORMACIÓN Y LA COMUNICACIÓN (TIC);89
86;86569;EDUCACIÓN;37
86;86571;ADMINISTRACIÓN DE EMPRESAS Y DERECHO;1
86;86571;CIENCIAS SOCIALES, PERIODISMO E INFORMACIÓN;3
86;86573;ADMINISTRACIÓN DE EMPRESAS Y DERECHO;2
86;86573;EDUCACIÓN;3
86;86749;ADMINISTRACIÓN DE EMPRESAS Y DERECHO;107
86;86749;CIENCIAS SOCIALES, PERIODISMO E INFORMACIÓN;172
86;86749;INGENIERÍA, INDUSTRIA Y CONSTRUCCIÓN;165
86;86749;TECNOLOGÍAS DE LA INFORMACIÓN Y LA COMUNICACIÓN (TIC);3
86;86755;CIENCIAS SOCIALES, PERIODISMO E INFORMACIÓN;41
86;86755;INGENIERÍA, INDUSTRIA Y CONSTRUCCIÓN;1
86;86757;ADMINISTRACIÓN DE EMPRESAS Y DERECHO;2
86;86757;CIENCIAS SOCIALES, PERIODISMO E INFORMACIÓN;1
86;86760;CIENCIAS SOCIALES, PERIODISMO E INFORMACIÓN;17
86;86865;ADMINISTRACIÓN DE EMPRESAS Y DERECHO;48
86;86865;AGROPECUARIO, SILVICULTURA, PESCA Y VETERINARIA;6
86;86865;CIENCIAS SOCIALES, PERIODISMO E INFORMACIÓN;19
86;86865;EDUCACIÓN;77
86;86865;INGENIERÍA, INDUSTRIA Y CONSTRUCCIÓN;37
86;86865;SALUD Y BIENESTAR;7
86;86865;TECNOLOGÍAS DE LA INFORMACIÓN Y LA COMUNICACIÓN (TIC);1
86;86885;ADMINISTRACIÓN DE EMPRESAS Y DERECHO;1
86;86885;AGROPECUARIO, SILVICULTURA, PESCA Y VETERINARIA;1
88;88001;ADMINISTRACIÓN DE EMPRESAS Y DERECHO;866
88;88001;ARTE Y HUMANIDADES;3
88;88001;CIENCIAS NATURALES, MATEMÁTICAS Y ESTADÍSTICA;40
88;88001;CIENCIAS SOCIALES, PERIODISMO E INFORMACIÓN;33
88;88001;EDUCACIÓN;67
88;88001;INGENIERÍA, INDUSTRIA Y CONSTRUCCIÓN;8
88;88001;SALUD Y BIENESTAR;1
88;88001;SERVICIOS;39
88;88001;TECNOLOGÍAS DE LA INFORMACIÓN Y LA COMUNICACIÓN (TIC);67
88;88564;ADMINISTRACIÓN DE EMPRESAS Y DERECHO;23
88;88564;EDUCACIÓN;8
91;91001;ADMINISTRACIÓN DE EMPRESAS Y DERECHO;305
91;91001;CIENCIAS NATURALES, MATEMÁTICAS Y ESTADÍSTICA;38
91;91001;CIENCIAS SOCIALES, PERIODISMO E INFORMACIÓN;126
91;91001;EDUCACIÓN;108
91;91001;INGENIERÍA, INDUSTRIA Y CONSTRUCCIÓN;34
91;91001;SALUD Y BIENESTAR;29
91;91001;SERVICIOS;119
94;94001;ADMINISTRACIÓN DE EMPRESAS Y DERECHO;211
94;94001;AGROPECUARIO, SILVICULTURA, PESCA Y VETERINARIA;61
94;94001;ARTE Y HUMANIDADES;10
94;94001;CIENCIAS NATURALES, MATEMÁTICAS Y ESTADÍSTICA;71
94;94001;CIENCIAS SOCIALES, PERIODISMO E INFORMACIÓN;9
94;94001;EDUCACIÓN;69
94;94001;INGENIERÍA, INDUSTRIA Y CONSTRUCCIÓN;38
94;94001;SALUD Y BIENESTAR;1
94;94001;SERVICIOS;23
94;94001;TECNOLOGÍAS DE LA INFORMACIÓN Y LA COMUNICACIÓN (TIC);53
95;95001;ADMINISTRACIÓN DE EMPRESAS Y DERECHO;598
95;95001;AGROPECUARIO, SILVICULTURA, PESCA Y VETERINARIA;118
95;95001;ARTE Y HUMANIDADES;1
95;95001;CIENCIAS NATURALES, MATEMÁTICAS Y ESTADÍSTICA;117
95;95001;CIENCIAS SOCIALES, PERIODISMO E INFORMACIÓN;152
95;95001;EDUCACIÓN;11
95;95001;INGENIERÍA, INDUSTRIA Y CONSTRUCCIÓN;208
95;95001;SALUD Y BIENESTAR;6
95;95001;SERVICIOS;148
95;95001;TECNOLOGÍAS DE LA INFORMACIÓN Y LA COMUNICACIÓN (TIC);82
95;95015;ADMINISTRACIÓN DE EMPRESAS Y DERECHO;1
95;95015;INGENIERÍA, INDUSTRIA Y CONSTRUCCIÓN;1
97;97001;ADMINISTRACIÓN DE EMPRESAS Y DERECHO;67
97;97001;AGROPECUARIO, SILVICULTURA, PESCA Y VETERINARIA;1
97;97001;CIENCIAS NATURALES, MATEMÁTICAS Y ESTADÍSTICA;38
97;97001;CIENCIAS SOCIALES, PERIODISMO E INFORMACIÓN;1
97;97001;EDUCACIÓN;20
97;97001;SALUD Y BIENESTAR;26
97;97001;SERVICIOS;13
97;97001;TECNOLOGÍAS DE LA INFORMACIÓN Y LA COMUNICACIÓN (TIC);1
99;99001;ADMINISTRACIÓN DE EMPRESAS Y DERECHO;363
99;99001;AGROPECUARIO, SILVICULTURA, PESCA Y VETERINARIA;43
99;99001;CIENCIAS NATURALES, MATEMÁTICAS Y ESTADÍSTICA;58
99;99001;CIENCIAS SOCIALES, PERIODISMO E INFORMACIÓN;64
99;99001;EDUCACIÓN;76
99;99001;INGENIERÍA, INDUSTRIA Y CONSTRUCCIÓN;26
99;99001;SALUD Y BIENESTAR;2
99;99001;SERVICIOS;18
99;99001;TECNOLOGÍAS DE LA INFORMACIÓN Y LA COMUNICACIÓN (TIC);50
